number,Date,LowTemp,AverageTemp,HighTemp,LowDew,AverageDew,HighDew,LowMean,AverageMean,HighMean,LDMean,ADMean,HDMean
1,1/1/2019,-2.78,3.28,15,-3.89,-2.44,0,-0.74,3.346666667,11.48,-3.15,-0.666666667,2.406666667
2,2/1/2019,-5,2.36,12.78,-5,-2.04,2.22,-3.52,2.073333333,10.55666667,-5,-2.196666667,1.666666667
3,3/1/2019,-2.78,3.39,13.89,-5,-2.9,0,-3.333333333,2.026666667,8.89,-5,-2.133333333,0.186666667
4,4/1/2019,-3.89,2.76,12.78,-5,-2.83,-1.11,-2.776666667,3.086666667,10.74,-4.443333333,-1.976666667,0.186666667
5,5/1/2019,-5,1.89,12.22,-6.11,-3.53,0,-4.63,1.556666667,10.18333333,-5.74,-3.073333333,0
6,6/1/2019,-6.11,2.9,16.11,-7.22,-4.82,-2.22,-5.37,1.766666667,12.03666667,-6.296666667,-3.576666667,-0.553333333
7,7/1/2019,-5,3.91,16.11,-10,-6.91,-3.89,-3.52,2.483333333,10.74,-6.296666667,-3.633333333,-0.37
8,8/1/2019,-3.89,3.63,13.89,-7.22,-4.78,-2.22,-3.703333333,2.33,10.37,-6.11,-3.063333333,-0.37
9,9/1/2019,-2.78,4.93,13.89,-3.89,-1.59,2.22,-1.666666667,4.94,8.89,-2.776666667,-0.506666667,2.406666667
10,10/1/2019,-2.78,3.66,10,-6.11,-3.57,-2.22,-2.223333333,3.503333333,8.703333333,-4.073333333,-1.456666667,0.556666667
11,11/1/2019,-3.89,1.58,7.78,-8.89,-6.53,-3.89,-5.926666667,0.706666667,7.593333333,-7.963333333,-4.913333333,-2.036666667
12,12/1/2019,-3.89,2.17,11.11,-6.11,-2.79,0,-7.223333333,-1.326666667,7.036666667,-9.443333333,-5.493333333,-2.776666667
13,13/1/2019,-5,1.88,12.22,-5,-2.11,1.11,-7.593333333,-1.206666667,7.406666667,-8.333333333,-4.646666667,-0.926666667
14,14/1/2019,-2.78,3.68,15,-3.89,-0.51,2.22,-6.296666667,-0.05,9.26,-7.593333333,-3.426666667,-0.186666667
15,15/1/2019,-2.22,4.42,15,-3.89,-1.43,1.11,-3.703333333,2.016666667,10,-4.63,-1.546666667,1.296666667
16,16/1/2019,-2.78,3.28,11.11,-3.89,-0.04,3.89,-1.853333333,3.166666667,10,-3.333333333,0.09,3.333333333
17,17/1/2019,1.11,3.76,7.78,0,1.72,5,-1.666666667,3,8.52,-2.963333333,-0.196666667,2.406666667
18,18/1/2019,-3.89,1.73,7.78,-3.89,-1.87,0,-2.963333333,2.3,8.52,-3.89,-0.333333333,2.963333333
19,19/1/2019,-5,0.39,5,-5,-0.21,3.89,-3.703333333,1.896666667,7.776666667,-8.89,-1.996666667,4.073333333
20,20/1/2019,2.22,5.43,10,0,2.04,3.89,0.553333333,3.57,7.036666667,-5,-1.766666667,1.666666667
21,21/1/2019,2.22,5.62,10,-3.89,-1.11,1.11,2.963333333,6.3,9.63,-1.296666667,1.86,4.26
22,22/1/2019,-1.11,3.29,8.89,-2.78,0,3.89,3.703333333,6.393333333,10.37,-0.186666667,2.303333333,5.926666667
23,23/1/2019,6.11,10.56,13.89,2.22,3.31,5,3.333333333,7.646666667,11.66666667,0.74,3.39,6.296666667
24,24/1/2019,6.11,11.12,16.11,2.78,4.08,6.11,7.036666667,9.733333333,12.59333333,2.963333333,4.28,7.776666667
25,25/1/2019,7.22,11.21,15,0,2.61,5,6.666666667,9.936666667,12.96333333,3.703333333,6.076666667,7.963333333
26,26/1/2019,-2.22,5.22,13.89,-2.22,0.78,2.78,2.593333333,7.326666667,13.33333333,2.593333333,4.88,7.406666667
27,27/1/2019,-2.78,5.06,12.78,-2.78,-0.97,3.89,2.406666667,7.783333333,13.89,2.406666667,4.703333333,7.406666667
28,28/1/2019,-1.11,7.44,13.89,-2.22,0.42,2.78,5.556666667,9.76,12.96333333,4.63,6.393333333,8.333333333
29,29/1/2019,1.11,7.39,12.22,0,2.06,6.11,6.48,9.73,12.77666667,5,6.453333333,8.333333333
30,30/1/2019,5,7.72,11.11,-3.89,-0.12,7.22,6.853333333,9.8,12.59333333,0.74,4.37,8.703333333
31,31/1/2019,7.22,10.91,12.78,7.22,8.9,10,8.333333333,11.40333333,13.89,5.37,7.996666667,10.37
32,1/2/2019,6.11,7.94,11.11,0,4.97,10,8.703333333,11.53333333,15.74,4.26,7.33,10
33,2/2/2019,1.11,5.29,8.89,-6.11,-2.89,-1.11,6.296666667,9.223333333,11.48333333,3.333333333,5.14,6.666666667
34,3/2/2019,2.22,4.52,7.78,-7.22,-4.68,-2.78,5.74,8.593333333,12.78,1.853333333,3.986666667,5.74
35,4/2/2019,-5,2.82,11.11,-6.11,-3.28,-1.11,2.223333333,7.916666667,14.63,1.296666667,3.756666667,6.296666667
36,5/2/2019,-2.22,6,16.11,-2.22,0.47,2.78,1.666666667,8.313333333,16.11,-0.37,2.68,5.556666667
37,6/2/2019,-1.11,6.99,16.11,-1.11,2.52,5,1.666666667,7.076666667,12.77666667,1.296666667,4.166666667,6.666666667
38,7/2/2019,-1.11,6.69,15,-2.22,1.99,5,1.666666667,7.123333333,13.33333333,0,3.17,6.11
39,8/2/2019,-1.11,6.57,15,-2.22,0.84,5,2.593333333,7.233333333,13.14666667,1.853333333,3.96,6.296666667
40,9/2/2019,0,5.53,12.78,-1.11,2.61,5,3.333333333,7.176666667,11.66666667,2.223333333,4.99,6.853333333
41,10/2/2019,1.11,7.74,12.78,1.11,5.73,8.89,4.443333333,8.933333333,14.26,1.296666667,5.61,8.333333333
42,11/2/2019,2.22,9.08,13.89,-2.22,2.43,8.89,3.333333333,8.646666667,12.59333333,1.483333333,5.673333333,9.63
43,12/2/2019,-1.11,6.34,13.89,-2.22,-0.48,1.11,5.556666667,9.23,13.33333333,3.15,4.996666667,7.036666667
44,13/2/2019,-2.22,6.53,17.22,-2.78,0.27,3.89,3.15,8.92,16.11,2.22,4.383333333,7.036666667
45,14/2/2019,-2.22,5.88,15,-2.22,-0.36,2.22,1.296666667,7.536666667,15.74,0.926666667,3.406666667,6.11
46,15/2/2019,-2.22,6.39,17.22,-2.78,0.16,2.78,0.556666667,7.423333333,16.11,0,3.38,6.483333333
47,16/2/2019,0,8.33,17.78,-3.89,-0.77,3.89,1.11,8.49,16.85333333,-0.556666667,2.973333333,7.036666667
48,17/2/2019,-2.22,6.5,17.22,-7.78,-3.52,-1.11,1.483333333,8.123333333,15.74,-0.74,2.9,5.556666667
49,18/2/2019,0,6.5,15,-2.78,0.16,2.78,1.666666667,7.83,15.37,-1.296666667,2.413333333,5.556666667
50,19/2/2019,1.11,7.58,16.11,0,1.39,3.89,1.11,8.106666667,17.03666667,-0.37,1.536666667,4.26
51,20/2/2019,0,7.32,16.11,0,1.88,3.89,0.186666667,7.953333333,17.03666667,-1.296666667,1.3,3.89
52,21/2/2019,0,8.09,17.78,-1.11,1.32,3.89,2.036666667,8.966666667,16.85333333,-0.37,2.12,4.816666667
53,22/2/2019,-1.11,8.29,18.89,-7.22,-2.08,2.22,0.556666667,8.413333333,17.77666667,-2.963333333,0.316666667,3.333333333
54,23/2/2019,-2.22,7.96,20,-3.89,-2.28,1.11,-0.37,8.326666667,18.70333333,-2.036666667,0.136666667,3.146666667
55,24/2/2019,2.22,9.95,20,-2.22,-0.36,1.11,1.11,9.32,18.70333333,-1.48,1.603333333,4.073333333
56,25/2/2019,1.11,9.99,20,-1.11,1.05,2.78,1.666666667,9.27,17.22333333,-1.48,2.746666667,5.37
57,26/2/2019,1.11,10.69,21.11,-5,-0.13,2.78,4.073333333,10.59,17.77666667,-1.666666667,1.933333333,5.186666667
58,27/2/2019,1.11,10.46,21.11,-6.11,-1.95,0,1.48,10.70666667,19.63,-2.036666667,1.106666667,3.703333333
59,28/2/2019,1.11,9.98,20,-2.22,-0.77,2.22,2.036666667,9.733333333,17.96333333,-0.74,1.38,4.073333333
60,1/3/2019,1.11,11.03,20,-2.22,0.43,2.22,4.073333333,9.813333333,14.63,0.37,3.333333333,6.11
61,2/3/2019,3.89,12.18,21.11,0,1.53,2.78,6.666666667,11.22666667,16.66666667,2.963333333,4.993333333,7.036666667
62,3/3/2019,1.11,11.48,21.11,-1.11,1.56,5,5,10.92666667,16.29666667,-0.37,4.02,7.963333333
63,4/3/2019,7.78,12.63,17.22,3.89,6.17,8.89,5.926666667,10.33,15.37,1.853333333,5.67,8.89
64,5/3/2019,8.89,12.27,16.11,3.89,4.68,6.11,7.593333333,12.03,16.66666667,3.52,6.043333333,7.963333333
65,6/3/2019,7.78,11.43,13.89,2.78,7.32,10,8.89,11.73666667,15,2.223333333,6.086666667,9.073333333
66,7/3/2019,2.22,8.2,12.22,-1.11,2.07,5,4.813333333,9.183333333,13.33333333,-1.11,2.036666667,4.813333333
67,8/3/2019,3.89,10.23,16.11,1.11,3.93,6.11,3.333333333,8.99,15.37,0,3.06,5.37
68,9/3/2019,2.22,10.57,18.89,1.11,2.63,5,2.036666667,9.276666667,15.92666667,-0.74,1.873333333,4.63
69,10/3/2019,2.78,12.51,22.78,2.22,4.98,7.22,1.853333333,10.66,18.89,-0.186666667,2.28,4.813333333
70,11/3/2019,7.22,13.53,20,1.11,5.3,7.78,4.63,12.22333333,20.55666667,0.74,4.223333333,7.593333333
71,12/3/2019,2.22,12.32,22.78,0,2.73,7.78,4.443333333,12.63666667,21.29666667,0.926666667,4.316666667,8.15
72,13/3/2019,7.22,11.47,15,-3.89,0.37,5,4.813333333,11.66,18.70333333,-0.926666667,2.216666667,5.37
73,14/3/2019,0,9.52,17.78,-3.89,-1.96,-1.11,2.593333333,11.31,18.89,-0.37,2.09,4.26
74,15/3/2019,1.11,11.87,23.89,-3.89,-2.31,0,3.146666667,12.46,21.66666667,0,1.846666667,4.26
75,16/3/2019,2.22,14.16,25,-2.78,-1.12,1.11,4.073333333,12.9,21.29666667,-0.556666667,1.946666667,4.813333333
76,17/3/2019,2.78,12.56,20,-3.89,-0.01,2.78,4.63,10.8,17.40666667,-2.963333333,1.66,5.186666667
77,18/3/2019,2.78,9.82,16.11,-6.11,-3.2,1.11,3.52,9.56,15.18333333,-2.776666667,0.183333333,3.333333333
78,19/3/2019,6.11,10.71,16.11,-2.78,-1.74,0,5.37,10.04,14.81333333,0.183333333,1.883333333,4.26
79,20/3/2019,1.11,8.82,16.11,-6.11,-3.19,-1.11,3.703333333,9.383333333,15.18333333,-3.333333333,-0.72,1.666666667
80,21/3/2019,0,8.74,16.11,-6.11,-3.68,-1.11,1.853333333,9.066666667,15,-2.963333333,-0.613333333,1.666666667
81,22/3/2019,0,10.29,18.89,-3.89,-2.67,0,2.223333333,9.14,15.37,-0.926666667,0.6,2.963333333
82,23/3/2019,2.78,12.59,20,-1.11,0.44,2.78,2.963333333,10.45333333,17.03666667,0.37,1.953333333,3.89
83,24/3/2019,3.89,14.01,22.22,-3.89,-0.21,2.78,4.26,11.89,19.81333333,-0.556666667,2.116666667,4.26
84,25/3/2019,6.11,14.27,22.22,-6.11,-2.56,1.11,5.37,10.87333333,19.81333333,-2.036666667,1.36,4.073333333
85,26/3/2019,6.11,13.38,22.22,-11.11,-3.44,0,5.74,12.47666667,19.44333333,-3.703333333,0.886666667,4.443333333
86,27/3/2019,1.11,10.86,20,-10,-6.81,-2.22,3.703333333,10.61666667,17.96333333,-6.296666667,-1.74,2.406666667
87,28/3/2019,2.22,11.03,20,-7.78,-6.72,-3.89,2.776666667,10.10333333,18.14666667,-3.15,-0.986666667,2.036666667
88,29/3/2019,1.11,10.59,17.78,-6.11,-3.54,0,2.036666667,10.83,19.26,-3.333333333,-0.386666667,2.593333333
89,30/3/2019,2.22,11.06,18.89,-2.78,-1.66,0,3.516666667,12.06666667,19.63,-0.926666667,0.69,2.593333333
90,31/3/2019,7.22,9.86,12.22,-1.11,3.81,8.89,4.813333333,10.26,16.29666667,-1.48,2.063333333,5.186666667
91,1/4/2019,8.89,11.97,17.22,5,6.74,7.78,6.296666667,10.89666667,17.03666667,2.036666667,4.416666667,7.223333333
92,2/4/2019,7.22,12.88,18.89,2.78,6.54,7.78,8.516666667,11.99333333,16.85333333,3.89,7.72,9.63
93,3/4/2019,3.89,11.66,16.11,-7.22,-0.17,7.22,3.703333333,10.74333333,17.40666667,-0.74,4.06,8.333333333
94,4/4/2019,1.11,8.72,13.89,-10,-6.12,-3.89,2.036666667,10.37333333,17.40666667,-4.63,-0.533333333,3.703333333
95,5/4/2019,2.78,7.47,12.78,-5,2.83,6.11,3.333333333,10.57,17.59333333,-2.036666667,3.086666667,7.036666667
96,6/4/2019,3.89,7.29,12.22,1.11,2.46,5,5.186666667,11.97666667,18.70333333,1.296666667,3.6,5.926666667
97,7/4/2019,5,8.67,13.89,-2.22,2.09,7.22,7.406666667,12.01,17.59333333,0.556666667,3.996666667,8.703333333
98,8/4/2019,7.22,10.91,17.22,1.11,6.18,8.89,9.073333333,12.58666667,17.59333333,5.37,8.33,10.55666667
99,9/4/2019,6.11,9.68,15,-2.22,3.54,6.11,7.963333333,11.93,17.03666667,3.89,7.146666667,8.89
100,10/4/2019,7.22,10.46,15,0,2.07,3.89,8.703333333,11.99666667,16.29666667,4.443333333,6.72,8.89
101,11/4/2019,3.89,10.15,16.11,-2.22,0.47,2.78,7.593333333,11.58666667,16.11,4.26,7.003333333,9.26
102,12/4/2019,2.22,10.95,20,-2.78,0.11,2.22,5.74,11.82333333,18.70333333,0.37,3.466666667,5.74
103,13/4/2019,2.22,12.88,22.22,-12.78,-4.29,0,6.48,12.76,18.70333333,-2.036666667,2.683333333,6.296666667
104,14/4/2019,6.11,15.88,23.89,-1.11,4.29,10,7.963333333,14.34333333,20.92666667,3.52,6.96,10.74
105,15/4/2019,10,17.11,26.11,2.22,7.57,11.11,10,14.47666667,20,5.37,8.383333333,11.29666667
106,16/4/2019,5,14.36,22.22,1.11,3.09,5,7.593333333,13.20333333,18.88666667,0,5.213333333,8.146666667
107,17/4/2019,8.89,16.77,25,5,7.08,12.78,7.036666667,13.34666667,20.37,2.036666667,5.016666667,8.89
108,18/4/2019,10,11.14,15,7.78,9.36,12.22,7.776666667,12.29,17.59333333,4.26,6.303333333,9.073333333
109,19/4/2019,8.89,9.8,11.11,7.22,8.51,10,7.593333333,12.46666667,18.14666667,5.183333333,7.196666667,10
110,20/4/2019,10,14.34,20,2.78,5.75,8.89,10,13.97,19.26,5.37,8.003333333,10
111,21/4/2019,8.89,11.13,12.78,3.89,5.07,6.11,7.406666667,12.33,16.85333333,5,6.626666667,8.333333333
112,22/4/2019,7.22,13.03,18.89,3.89,5.77,7.78,8.703333333,12.60666667,17.59333333,5.37,7.526666667,9.26
113,23/4/2019,7.78,11.26,13.89,0,5.16,7.78,8.89,13.16666667,17.22333333,4.443333333,7.003333333,10
114,24/4/2019,6.11,8.86,12.22,2.22,6.52,11.11,8.333333333,12.35666667,16.85,5,8.233333333,11.48
115,25/4/2019,7.78,11.02,15,2.22,4.91,10,9.26,12.88,16.85333333,0.37,8.23,11.11
116,26/4/2019,7.22,12.58,17.78,0,2.64,5,8.703333333,14.04333333,20.18666667,5.556666667,7.49,9.443333333
117,27/4/2019,3.89,13.37,22.22,2.22,3.67,7.78,7.963333333,14.04333333,21.11,5.74,7.913333333,10.92666667
118,28/4/2019,8.89,16.83,23.89,2.78,6.81,10,9.26,14.78666667,20.55666667,4.63,7.91,10.18666667
119,29/4/2019,10,18.38,25,3.89,5.77,7.78,9.813333333,14.99666667,20.18666667,3.89,6.643333333,9.26
120,30/4/2019,10,18.83,26.11,3.89,7.28,10,7.406666667,14.82666667,21.11,2.963333333,5.983333333,8.89
121,1/5/2019,8.89,18.19,26.11,2.22,5.79,10,8.703333333,15.02666667,20.74,3.516666667,6.153333333,9.443333333
122,2/5/2019,11.11,18.25,23.89,7.22,8.87,11.11,9.63,15.80666667,21.48333333,6.296666667,8.2,10
123,3/5/2019,8.89,15.39,20,1.11,6.17,11.11,9.26,15.87,21.66666667,4.63,8.186666667,11.29666667
124,4/5/2019,3.89,13.83,22.78,1.11,2.22,3.89,6.666666667,16.07333333,24.81666667,4.63,6.536666667,8.52
125,5/5/2019,7.22,15.09,22.78,-2.22,2.23,6.11,9.073333333,17.82666667,27.03666667,2.593333333,6.373333333,9.073333333
126,6/5/2019,3.89,16.52,26.11,-3.89,0.04,3.89,8.52,18.19,26.11,-2.963333333,3.753333333,7.963333333
127,7/5/2019,11.11,18.07,25,3.89,8.15,11.11,8.703333333,18.22666667,26.66666667,1.483333333,5.793333333,9.073333333
128,8/5/2019,15,17.68,21.11,8.89,10.95,12.22,11.66666667,19.08,25.74,5.37,8.816666667,11.85
129,9/5/2019,12.22,17.34,23.89,2.78,7.51,13.89,12.40666667,18.35333333,24.63,4.816666667,8.54,12.77666667
130,10/5/2019,16.11,20.23,26.11,11.11,12.46,13.89,12.03666667,17.44666667,22.59333333,5.37,8.986666667,11.85333333
131,11/5/2019,10,19.42,27.22,-3.89,5.67,11.11,9.63,16.08333333,22.03666667,-0.37,4.87,9.073333333
132,12/5/2019,8.89,18.62,27.78,-12.22,-1.63,2.78,10.37,16.76333333,22.96333333,-1.296666667,3.956666667,7.78
133,13/5/2019,8.89,20.97,32.22,-7.78,-2.73,1.11,9.26,16.65666667,23.14666667,1.296666667,4.553333333,7.776666667
134,14/5/2019,8.89,20.6,30,-2.78,0.59,5,10,17.55333333,24.63,1.48,4.603333333,7.963333333
135,15/5/2019,10,22.32,33.89,-2.78,2.16,7.22,10.37,18.21666667,25.92666667,2.406666667,6.423333333,9.443333333
136,16/5/2019,12.22,21.26,31.11,-3.89,4.76,10,11.66666667,18.66333333,25.74,4.073333333,8.696666667,11.48
137,17/5/2019,11.11,14.41,18.89,0,2.86,6.11,11.48,16.45,22.40666667,1.48,5.88,9.813333333
138,18/5/2019,8.89,13.72,18.89,-2.78,-0.09,5,8.89,16.64666667,23.52,2.036666667,4.376666667,7.963333333
139,19/5/2019,10,15.29,21.11,-1.11,0.96,2.78,10.37,17.82,25,0.556666667,4.246666667,6.483333333
140,20/5/2019,7.22,15.79,22.78,-3.89,0.78,3.89,9.443333333,18.78333333,26.85333333,0,4.703333333,7.963333333
141,21/5/2019,12.78,18.9,26.11,0,2.91,5,12.40666667,20.96666667,29.07333333,0,5.693333333,8.703333333
142,22/5/2019,10,20.5,27.78,2.22,4.04,7.78,12.77666667,20.79666667,27.96333333,0.37,4.346666667,8.89
143,23/5/2019,12.78,21.84,30,2.22,4.85,7.22,12.22333333,20.11333333,27.22333333,3.703333333,6.913333333,9.813333333
144,24/5/2019,16.11,19.87,23.89,2.78,7.31,11.11,12.77666667,20.10333333,26.85333333,5.186666667,8.623333333,11.66666667
145,25/5/2019,10,17.85,25,3.89,5.32,6.11,12.03666667,20.22666667,27.77666667,5.926666667,7.863333333,10
146,26/5/2019,8.89,18.76,27.22,2.78,5.18,7.22,12.77666667,20.45666667,28.70333333,6.296666667,9.596666667,12.40666667
147,27/5/2019,12.22,20.94,28.89,6.11,6.94,7.78,12.96333333,20.92666667,27.59333333,8.703333333,10.22,11.66666667
148,28/5/2019,12.78,19.43,27.22,-3.89,3.45,7.78,14.26,21.18,29.07333333,4.073333333,8.743333333,12.22333333
149,29/5/2019,10,18.59,27.22,2.22,3.64,6.11,12.22333333,21.29,29.07333333,5,7.563333333,10.37
150,30/5/2019,12.22,22.31,31.11,-2.22,2.68,6.11,14.07333333,23.36333333,32.03666667,3.52,7.633333333,10.37
151,31/5/2019,12.78,23.99,32.78,-2.78,2.41,6.11,15,24.05333333,32.59333333,3.703333333,7.69,11.85
152,1/6/2019,12.78,24.59,33.89,1.11,4.04,7.78,15.37,22.38,30,4.813333333,9.27,13.33333333
153,2/6/2019,15,26.08,35,1.11,3.89,6.11,13.70333333,22.58333333,30.55666667,5.37,9.02,11.48
154,3/6/2019,17.22,26.78,33.89,-1.11,3.39,7.22,16.85,24.52,31.66666667,2.963333333,8.276666667,11.29666667
155,4/6/2019,17.78,23.97,28.89,1.11,7.16,12.78,15.92666667,23.12,28.89,2.963333333,9.106666667,14.63
156,5/6/2019,13.89,18.62,22.78,-2.22,2.47,8.89,15,18.85666667,23.52,3.89,8.786666667,13.70333333
157,6/6/2019,8.89,18.19,25,-5,-0.56,2.78,10.92666667,19.97333333,28.33333333,2.406666667,5.886666667,8.52
158,7/6/2019,11.11,17.2,22.22,-2.22,2.79,11.11,12.96333333,21.4,27.59333333,2.223333333,6.616666667,11.48
159,8/6/2019,8.89,19.86,28.89,-3.89,3.38,10,12.96333333,22.08333333,29.63,0.74,6.813333333,12.03666667
160,9/6/2019,12.22,21.4,27.22,-2.78,4.02,10,12.77666667,21.59666667,28.33333333,-0.926666667,4.653333333,10.74
161,10/6/2019,12.78,20.59,27.22,-5,2.58,7.78,13.52,21.58666667,28.70333333,-0.186666667,4.896666667,9.26
162,11/6/2019,15,17.53,21.11,-3.89,0.89,5,14.63,20.67666667,27.40666667,0.926666667,5.536666667,8.333333333
163,12/6/2019,6.11,17.36,25,-7.78,-1.76,2.78,12.40666667,20.62,27.03666667,1.296666667,5.726666667,9.26
164,13/6/2019,11.11,21.04,28.89,-2.78,3.54,10,14.07333333,21.16,28.33333333,2.036666667,6.07,10.74
165,14/6/2019,12.78,20.79,25,-1.11,1.97,7.78,14.26,21.74666667,27.96333333,3.52,6.36,10.55666667
166,15/6/2019,11.11,19.62,26.11,-1.11,2.07,3.89,13.33333333,22.20666667,29.07333333,2.963333333,6.19,8.15
167,16/6/2019,12.22,21.52,30,-1.11,1.69,5,14.26,23.04333333,30,4.63,7.1,10.55666667
168,17/6/2019,13.89,24.32,32.22,-2.78,1.98,7.78,15,21.25666667,26.85,4.443333333,8.233333333,11.29666667
169,18/6/2019,18.89,25.94,31.11,-6.11,0.57,8.89,15.92666667,22.44333333,28.70333333,1.853333333,6.486666667,10.92666667
170,19/6/2019,18.89,23.74,27.78,8.89,10.07,12.22,15.18666667,21.93,27.59333333,6.296666667,8.706666667,11.48
171,20/6/2019,15,23.25,28.89,6.11,8.42,10,14.63,21.78666667,27.03666667,5,9.363333333,12.22333333
172,21/6/2019,17.22,23.73,30,5,8.68,12.22,15,22.59666667,28.89,4.073333333,7.45,11.11
173,22/6/2019,15,24.67,32.22,3.89,8.14,12.22,15,23.22333333,30,5,7.936666667,10.37
174,23/6/2019,16.11,26.24,33.89,2.78,6.19,11.11,16.66666667,24.37666667,31.29666667,4.26,7.766666667,11.11
175,24/6/2019,21.11,27.08,32.78,6.11,7.79,12.22,17.96333333,25.65666667,32.96333333,4.813333333,7.893333333,11.48
176,25/6/2019,17.78,27.42,36.11,7.78,10.86,13.89,18.33333333,26.60333333,34.07333333,7.406666667,10.38,13.33333333
177,26/6/2019,22.22,29.58,36.11,7.78,13.78,16.11,19.44333333,27.95,35.74,7.963333333,11.5,13.89
178,27/6/2019,22.22,31.71,40,6.11,10.32,13.89,20.37,27.94,34.44333333,1.666666667,7.94,12.22333333
179,28/6/2019,21.11,32.37,41.11,0,6.82,11.11,17.40666667,26.82666667,34.26,0.186666667,6.05,9.443333333
180,29/6/2019,20,31.74,40,-3.89,3.39,8.89,17.22333333,27.58,35.37,1.48,6.373333333,9.63
181,30/6/2019,22.22,32.13,38.89,-2.22,4.93,10,19.07333333,29.08,36.85333333,-1.11,6.533333333,11.85333333
182,1/7/2019,22.78,30.01,36.11,2.78,8.06,12.78,20,29.00333333,36.29666667,1.853333333,7.593333333,13.52
183,2/7/2019,20,27.74,35,6.11,10.52,16.11,18.33333333,28.11666667,35.37,2.593333333,7.673333333,11.66666667
184,3/7/2019,18.89,27.19,36.11,2.78,11.93,17.78,18.15,27.11666667,34.63,3.15,9.013333333,13.70333333
185,4/7/2019,22.22,28.76,33.89,6.11,9.63,12.22,20.18333333,26.99333333,32.96333333,4.26,8.803333333,12.40666667
186,5/7/2019,21.11,28.51,33.89,2.78,9.36,12.78,18.70333333,27.50333333,34.63,3.15,7.933333333,11.29666667
187,6/7/2019,17.22,27.38,35,-2.22,4.67,7.78,18.33333333,26.03666667,33.33333333,0.926666667,7.17,11.66666667
188,7/7/2019,17.22,27.54,35,2.78,5.78,7.78,16.48,25.84666667,33.52,3.52,7.906666667,10.55666667
189,8/7/2019,20,25.63,30,3.89,8.23,12.22,18.70333333,26.23,32.96333333,2.963333333,6.89,10.74
190,9/7/2019,16.11,23.03,28.89,7.22,10.03,12.22,18.33333333,26.19666667,33.33333333,5.37,9.156666667,12.77666667
191,10/7/2019,16.11,25.16,32.78,3.89,8.72,11.11,18.33333333,26.83333333,34.81666667,6.11,9.59,12.59333333
192,11/7/2019,17.78,28.67,38.89,2.78,7.13,11.11,18.15,28.44333333,37.96333333,5.556666667,8.6,11.29666667
193,12/7/2019,20,30.68,40,5,7.24,10,20.74,28.54333333,36.66666667,4.26,8.043333333,12.03666667
194,13/7/2019,22.22,30.31,36.11,6.11,9.73,13.89,20,26.17666667,32.59333333,6.48,9.336666667,12.40666667
195,14/7/2019,21.11,27.67,33.89,5,11.7,15,17.40666667,25.55666667,32.59333333,5.74,9.53,11.66666667
196,15/7/2019,20,28.04,37.22,1.11,7.63,11.11,18.33333333,26.25666667,34.44333333,0.74,6.876666667,11.66666667
197,16/7/2019,20,29.35,37.22,5,8.29,12.22,18.33333333,27.52333333,35.74,4.26,7.893333333,12.22
198,17/7/2019,22.22,28.58,33.89,3.89,9.71,15,19.26,28.63666667,36.29666667,3.52,8.013333333,11.66666667
199,18/7/2019,20,29.03,36.11,8.89,11.67,13.89,20.37,29.21666667,36.48,2.593333333,7.74,12.03666667
200,19/7/2019,21.11,30.54,37.78,6.11,10.07,12.78,19.07333333,28.77333333,37.59333333,-1.11,7.613333333,12.59333333
201,20/7/2019,22.78,31.47,37.78,3.89,8.93,12.78,20.18666667,29.78666667,37.59333333,2.593333333,7.143333333,12.22333333
202,21/7/2019,23.89,31.16,38.89,8.89,12.19,17.22,20.55666667,29.76,37.96333333,3.52,8.303333333,13.70333333
203,22/7/2019,22.22,30.86,37.78,1.11,8.47,13.89,21.11,30.15666667,37.22333333,2.593333333,8.636666667,13.33333333
204,23/7/2019,23.89,31.06,38.89,5,8.33,18.89,20.18666667,28.65,35.92666667,3.89,8.5,15
205,24/7/2019,21.11,30.71,37.78,6.11,10.47,15,18.70333333,28.46,36.11333333,5,8.73,12.03666667
206,25/7/2019,22.78,30.88,37.22,5,8.24,11.11,19.63,28.58666667,35.92666667,4.073333333,7.636666667,11.66666667
207,26/7/2019,25,28.69,32.22,0,8.36,13.89,21.11,27.38,33.70333333,3.703333333,10.25,15
208,27/7/2019,21.11,24.67,28.89,2.22,7.28,11.11,19.63,27.48,34.26,2.963333333,8.41,11.66666667
209,28/7/2019,15,23.21,31.11,5,8.38,12.22,18.33333333,27.99666667,36.48,5.556666667,8.96,13.33333333
210,29/7/2019,17.22,26.39,33.89,-2.22,4.5,8.89,20.74,29.22,36.11,4.446666667,9.296666667,13.33333333
211,30/7/2019,17.22,24.63,32.22,-2.22,2.81,6.11,20.55333333,28.26666667,35.74,1.666666667,7.233333333,10
212,31/7/2019,17.78,26.07,35,7.22,10.67,16.11,19.81666667,27.17333333,34.63,5.37,10.74,15.74
213,1/8/2019,22.22,28.06,35,1.11,10.38,16.11,18.33333333,26.35333333,33.89,1.296666667,8.46,13.51666667
214,2/8/2019,21.11,29.04,36.11,-3.89,6.48,13.89,17.59333333,27.59,35.37,-2.593333333,5.55,11.11
215,3/8/2019,20,28.83,37.22,-2.22,4.89,12.78,18.70333333,27.52,35.74,0.926666667,7.743333333,13.52
216,4/8/2019,17.78,28.78,37.22,-1.11,3.39,7.78,19.81666667,27.59333333,34.07333333,2.223333333,6.613333333,10.55666667
217,5/8/2019,17.78,28.89,37.22,1.11,4.78,7.78,17.22333333,27.28,35.74,4.443333333,6.906666667,8.52
218,6/8/2019,12.22,28.78,37.22,1.11,3.78,7.78,16.11,28.07333333,36.11,-0.74,5.26,10.92666667
219,7/8/2019,25,27.33,31.11,6.11,11.11,13.89,22.40666667,27.73666667,32.96333333,5,9.053333333,12.96333333
220,8/8/2019,17.78,27.33,35,11.11,12.72,15,18.52,27.66666667,35.37,7.406666667,9.35,12.59333333
221,9/8/2019,23.89,28.22,32.78,12.22,15.56,17.78,22.22333333,28.83333333,35,7.406666667,12.70666667,15.92666667
222,10/8/2019,20,26.22,32.22,2.78,10.39,17.22,21.11,28.81333333,35.74,7.406666667,11.5,15.18333333
223,11/8/2019,17.78,25.17,30,0,4.78,7.78,21.29666667,28.13,34.26,5.74,9.353333333,12.59333333
224,12/8/2019,15,22.11,27.78,-2.22,2.39,7.78,17.77666667,24.72,31.29666667,3.333333333,9.333333333,13.89
225,13/8/2019,15,22.78,30,-2.78,4.83,10,16.29666667,25.33666667,33.52,3.333333333,8.48,11.29666667
226,14/8/2019,15,25.22,33.89,-1.11,3.61,8.89,18.33333333,27.38666667,35.92666667,4.26,8.203333333,11.29666667
227,15/8/2019,16.11,27.61,36.11,2.78,6.11,10,18.14666667,28.40666667,37.03666667,0.926666667,7.63,12.22333333
228,16/8/2019,20,28.94,37.22,6.11,10,12.78,18.33333333,27.55333333,35,0.74,6.15,11.66666667
229,17/8/2019,20,29.83,37.78,2.78,6.83,10,17.03666667,25.98,33.52,2.963333333,6.276666667,8.89
230,18/8/2019,17.22,28.39,36.11,-7.22,2,7.22,16.11,25.94666667,33.70333333,-0.37,6.053333333,11.48
231,19/8/2019,21.11,27.67,32.78,2.78,9.33,12.78,19.26,26.77666667,33.33333333,5.556666667,9.96,13.89
232,20/8/2019,20,24.89,31.11,8.89,13.06,16.11,18.70333333,26.22333333,33.33333333,5.186666667,10.89,15.37
233,21/8/2019,17.78,23.89,31.11,12.22,14.06,17.22,16.66666667,25.55333333,34.07333333,2.776666667,7.076666667,10.74
234,22/8/2019,16.11,23.67,32.78,-3.89,10.61,17.22,17.40666667,26.09333333,34.26,-0.556666667,9.11,15.74
235,23/8/2019,16.11,24.94,32.78,3.89,7.89,11.11,19.26,27.07,34.81666667,4.073333333,9.296666667,13.33333333
236,24/8/2019,17.22,25.83,33.89,3.89,7.22,10,18.70333333,26.40666667,33.89,4.63,8.463333333,12.40666667
237,25/8/2019,18.89,26.94,33.89,2.22,9.11,12.22,19.26,26.38666667,33.70333333,5.74,10.87,15.74
238,26/8/2019,15,22.56,28.89,8.89,13.5,20,17.22333333,25.35333333,32.59333333,7.593333333,11.64666667,17.03666667
239,27/8/2019,16.11,21.33,27.78,12.22,13.83,15,17.59333333,25.64666667,33.52,5.926666667,10.03666667,12.59333333
240,28/8/2019,16.11,23.67,31.11,10,13.06,16.11,17.40666667,26.44666667,34.26,5.926666667,8.983333333,12.40666667
241,29/8/2019,17.78,25.56,33.89,8.89,12.72,15,17.96333333,26.04,32.96333333,2.963333333,9.166666667,13.14666667
242,30/8/2019,18.89,26.17,33.89,8.89,12.61,13.89,17.96333333,23.98333333,29.63,5.37,9.35,12.03666667
243,31/8/2019,17.22,24.94,32.78,7.78,11.61,12.78,14.81333333,22.57333333,29.26,5.186666667,8.813333333,12.03666667
244,1/9/2019,17.78,25.5,33.89,10,12.39,13.89,14.63,21.42666667,28.70333333,7.963333333,10.44666667,12.59333333
245,2/9/2019,17.78,24.83,32.22,11.11,12.94,16.11,15.18666667,21.29666667,29.07333333,7.963333333,9.85,12.03666667
246,3/9/2019,17.22,25.61,33.89,3.89,9.94,15,16.11,23.46333333,30.92666667,5.37,9.423333333,12.96333333
247,4/9/2019,17.22,25.83,33.89,2.78,6.72,15,15.74,24.22,32.40666667,2.593333333,7.5,14.07333333
248,5/9/2019,17.22,22.33,27.78,2.22,6.39,8.89,16.85,23.75666667,31.11333333,3.516666667,8.296666667,12.77666667
249,6/9/2019,12.22,19.28,27.22,-2.22,3.78,5,15.74,23.39,31.66666667,3.89,7.943333333,10.74
250,7/9/2019,15,20.83,28.89,1.11,5.5,12.78,16.66666667,24.46333333,32.22333333,4.26,8.056666667,12.22333333
251,8/9/2019,17.22,23.06,30,2.22,7.89,12.78,16.29666667,22.83666667,28.52,2.963333333,8.203333333,12.59333333
252,9/9/2019,13.89,23.22,31.11,-5,4.22,10,15.18666667,22.05666667,28.70333333,2.406666667,7.053333333,10.74
253,10/9/2019,15,18.17,23.89,0,4.17,7.22,15,21.17,26.85333333,4.26,6.853333333,9.073333333
254,11/9/2019,13.89,19.89,26.11,5,6.28,7.78,15,21.96333333,28.33333333,5.926666667,8.166666667,10
255,12/9/2019,15,21.94,28.89,7.22,8.67,10,15,23.29333333,31.29666667,6.48,8.183333333,10.37
256,13/9/2019,16.11,19.39,22.78,7.78,10.94,15,16.66666667,21.96333333,27.78,6.296666667,9.756666667,13.70333333
257,14/9/2019,16.11,17.89,22.78,12.22,14.44,16.11,16.29666667,20.52,25.55666667,10.18333333,12.76,14.81333333
258,15/9/2019,16.11,18.17,21.11,13.89,16.39,17.78,16.11,20.87,25.74,11.29666667,13.72333333,15.37
259,16/9/2019,16.11,20.44,26.11,12.78,15.83,17.22,16.66666667,21.37,27.03666667,11.29666667,14.64666667,16.66666667
260,17/9/2019,20.56,21.5,28.89,11.11,14.28,17.22,16.85333333,22.07333333,29.26,10.37,13.07333333,16.11
261,18/9/2019,16.11,21.39,27.78,11.11,13,13.89,16.29666667,21.52,27.03666667,9.63,13.03666667,15.18666667
262,19/9/2019,16.11,21.89,28.89,10,12.94,13.89,13.70333333,19.38666667,25.37,8.52,11.18333333,13.89
263,20/9/2019,17.22,20.89,26.11,13.89,14.83,17.22,14.44333333,18.72333333,23.33333333,10.37,12.07,14.07333333
264,21/9/2019,15,18.83,22.22,12.78,15.11,17.22,14.07333333,18.09333333,22.59333333,9.26,11.39,13.51666667
265,22/9/2019,15,19.61,23.89,7.22,12.39,17.22,13.52,18.05666667,24.26,7.036666667,11.20666667,15
266,23/9/2019,11.11,17.28,23.89,7.78,9.56,11.11,12.40666667,18.39,25,9.26,11.07333333,13.14666667
267,24/9/2019,11.11,19.5,27.78,8.89,11.39,15,14.44333333,19.74,25.92666667,11.29666667,13.44666667,15.92666667
268,25/9/2019,13.89,20.17,25,7.22,9.28,12.78,15.74,19.59333333,23.33333333,7.776666667,12.05666667,15.37
269,26/9/2019,12.22,20,27.78,7.78,9.44,11.11,12.40666667,18.22333333,23.89,6.666666667,8.313333333,10.74
270,27/9/2019,12.78,20.78,28.89,3.89,8.56,11.11,10.55666667,18.15,26.11,5.186666667,8,10.92666667
271,28/9/2019,11.11,19.72,28.89,1.11,5.78,10,12.40666667,18.75666667,25.74,2.406666667,7.333333333,10.74
272,29/9/2019,10,19.94,30,2.78,6.06,11.11,9.073333333,17.59,26.29666667,2.593333333,5.946666667,9.443333333
273,30/9/2019,10,20.61,30,2.22,5.39,7.78,10.55666667,18.70333333,27.03666667,3.703333333,6.593333333,9.26
274,1/10/2019,11.11,19.22,27.78,5,6.72,10,10.74,18.26,26.66666667,5,7.24,10
275,2/10/2019,11.11,18.72,23.89,2.78,6.67,8.89,10.74,18.33,24.26,4.26,7.766666667,10
276,3/10/2019,8.89,17.17,25,3.89,5.89,7.78,11.11,16.15666667,20.92666667,2.223333333,7.843333333,12.22333333
277,4/10/2019,8.89,18.67,28.89,3.89,5.5,7.22,8.333333333,14.99666667,22.22333333,2.036666667,4.156666667,5.74
278,5/10/2019,11.11,19.22,27.78,6.11,8.33,11.11,8.89,16.21333333,23.52,4.813333333,7.183333333,10.74
279,6/10/2019,10,19.28,27.78,2.78,7.17,8.89,10.37,17.33333333,23.89,4.26,7.24,9.073333333
280,7/10/2019,12.22,20.11,28.89,5,7.39,10,8.886666667,18.14,27.40666667,2.963333333,6.966666667,10.18666667
281,8/10/2019,12.22,20.67,30,7.22,7.83,8.89,10,18.57333333,27.77666667,6.666666667,8.106666667,9.63
282,9/10/2019,12.78,20.83,28.89,7.22,9.44,11.11,10.37,18.2,27.03666667,5.926666667,8.473333333,11.48
283,10/10/2019,12.78,19.5,27.22,7.78,10.33,13.89,10.55666667,17.94,26.11,6.666666667,9.583333333,13.15
284,11/10/2019,12.78,19.94,27.22,11.11,12.67,15,10.55666667,17.72,24.63,7.776666667,10.27666667,13.14666667
285,12/10/2019,16.11,21.61,27.78,8.89,11.94,13.89,10.92666667,17.06,23.52,5,7.64,10
286,13/10/2019,12.78,18.22,25,12.22,12.89,13.89,9.63,15.93666667,23.33333333,2.776666667,5.14,7.593333333
287,14/10/2019,12.22,16.06,21.11,6.11,10.5,12.78,8.146666667,14.99,22.59333333,3.146666667,6.566666667,10.55666667
288,15/10/2019,7.78,12.94,17.22,2.78,3.28,6.11,8.52,14.36,19.81333333,2.223333333,4.203333333,7.406666667
289,16/10/2019,6.11,13.06,18.89,0,4.22,7.22,6.666666667,12.86666667,19.07333333,1.666666667,4.326666667,6.666666667
290,17/10/2019,7.22,12.44,17.22,3.89,8.89,12.78,7.406666667,12.98333333,18.70333333,3.89,7.043333333,8.89
291,18/10/2019,15,17.33,21.11,12.22,14.11,16.11,8.703333333,14.51,21.29666667,6.666666667,8.686666667,10.55666667
292,19/10/2019,12.22,15,17.78,7.78,9.78,12.78,9.073333333,14.74666667,21.66666667,6.296666667,7.96,10.18666667
293,20/10/2019,8.89,11.72,13.89,3.89,7.89,12.22,7.963333333,14.43333333,20.55666667,5,7.663333333,10.74
294,21/10/2019,3.89,9.17,15,2.78,4.11,6.11,9.073333333,13.97,19.07333333,5,7.956666667,10.74
295,22/10/2019,6.11,9.17,12.22,3.89,5.83,7.78,10.74,13.39333333,17.40666667,5.74,7.49,9.816666667
296,23/10/2019,7.78,9.22,11.11,7.22,7.61,8.89,8.333333333,11.94666667,16.11,6.85,7.596666667,8.52
297,24/10/2019,7.78,11.44,17.22,3.89,7.17,8.89,6.113333333,11.58666667,17.77666667,3.333333333,5.99,7.593333333
298,25/10/2019,6.11,12.33,21.11,6.11,8.28,10,4.63,11.28666667,19.44333333,4.073333333,6.09,7.963333333
299,26/10/2019,6.11,13.33,22.78,6.11,8.17,12.22,6.48,12.62333333,20,4.813333333,7.08,10.18333333
300,27/10/2019,7.22,13.61,22.22,6.11,8.56,11.11,6.666666667,12.09333333,18.70333333,3.146666667,5.166666667,8.333333333
301,28/10/2019,11.11,15.94,22.22,7.78,10.06,12.22,7.406666667,13.74666667,19.81333333,4.073333333,6.18,9.073333333
302,29/10/2019,8.89,13.17,17.78,7.78,10.78,12.78,9.073333333,12.37333333,15.55666667,5.926666667,9.32,12.22333333
303,30/10/2019,8.89,14.17,18.89,7.78,10.72,12.78,10.55666667,14.37,17.96333333,9.26,11.30666667,12.96333333
304,31/10/2019,12.22,17.83,22.22,10,11.83,13.89,10,15.13,20.74,8.52,11.59333333,14.07333333
305,1/11/2019,15,17.94,21.11,12.78,14.56,16.11,11.29666667,15.33,20.37,7.223333333,10.77666667,14.44333333
306,2/11/2019,16.11,17.28,20,11.11,12.89,13.89,9.443333333,13.78666667,18.33333333,6.666666667,9.366666667,11.66666667
307,3/11/2019,13.89,15.22,17.22,2.22,6.94,11.11,9.63,12.97,17.03666667,3.516666667,6.753333333,11.11
308,4/11/2019,12.78,14.94,17.78,6.11,10.28,12.22,8.703333333,11.65333333,15,4.443333333,7.806666667,10.37
309,5/11/2019,8.89,11.61,16.11,2.22,4.83,8.89,7.036666667,9.783333333,13.51666667,1.666666667,3.903333333,6.853333333
310,6/11/2019,8.89,11.67,15,1.11,3.39,5,5.926666667,9.973333333,14.63,1.48,3.863333333,6.11
311,7/11/2019,7.22,11.28,12.78,-2.22,3.89,10,5.37,10.83333333,15.92666667,0.926666667,4.57,8.52
312,8/11/2019,6.11,8.89,12.78,-2.78,-0.5,1.11,5.37,10.5,15.92666667,0.37,3.613333333,6.666666667
313,9/11/2019,7.22,8.78,12.22,0,2.67,7.22,5.553333333,8.723333333,12.96333333,0.74,3.296666667,5.926666667
314,10/11/2019,3.89,8.28,11.11,-2.22,1,6.11,3.89,9.13,14.44333333,1.113333333,3.686666667,6.666666667
315,11/11/2019,2.22,7.33,12.78,1.11,3.33,7.22,2.776666667,8.166666667,15.74,1.296666667,3.806666667,7.036666667
316,12/11/2019,2.78,8.89,13.89,0,2,7.22,2.963333333,9.156666667,15.92666667,1.666666667,4.076666667,7.963333333
317,13/11/2019,10,13,17.22,2.78,6.78,10,6.11,10.52333333,16.48,2.963333333,5.94,8.703333333
318,14/11/2019,5,8.28,11.11,-2.22,2.67,7.22,4.073333333,9.306666667,15,0.926666667,4.393333333,7.406666667
319,15/11/2019,2.78,6.72,8.89,-2.22,-0.28,1.11,6.483333333,9.523333333,12.22333333,2.593333333,4.066666667,5.74
320,16/11/2019,1.11,6.11,11.11,-3.89,-1.06,0,4.443333333,8.873333333,14.07333333,2.036666667,4.356666667,5.926666667
321,17/11/2019,0,5.61,8.89,-2.22,1.89,7.22,4.443333333,9.34,13.89,2.593333333,5.286666667,7.593333333
322,18/11/2019,2.22,6.78,11.11,-1.11,1.28,3.89,3.146666667,8.043333333,14.07333333,0.926666667,3.84,7.036666667
323,19/11/2019,-2.78,3.94,10,-3.89,-0.11,2.22,3.333333333,7.773333333,12.96333333,2.036666667,4.456666667,6.48
324,20/11/2019,0,4.06,8.89,-1.11,1.83,5,4.073333333,8.646666667,14.26,2.593333333,5.406666667,7.963333333
325,21/11/2019,6.11,7.56,10,5,6.39,7.22,5.74,9.466666667,14.07333333,3.333333333,5.76,7.776666667
326,22/11/2019,7.22,9.56,12.22,7.22,8.44,11.11,4.443333333,8.036666667,12.03666667,2.776666667,5.38,7.963333333
327,23/11/2019,7.78,9.78,12.22,0,2.5,7.22,3.52,6.936666667,10.74,-0.37,2.303333333,5.74
328,24/11/2019,7.22,9.5,12.78,1.11,2.28,6.11,2.776666667,6.823333333,12.22333333,0.74,2.296666667,4.26
329,25/11/2019,10,12.11,17.22,7.22,9.33,11.11,3.703333333,7.606666667,13.70333333,2.036666667,4.38,6.296666667
330,26/11/2019,7.78,11.28,13.89,7.78,10.22,12.22,3.703333333,7.85,12.40666667,2.963333333,5.06,7.036666667
331,27/11/2019,11.11,12.28,13.89,6.11,8.5,11.11,7.036666667,9.163333333,11.85333333,2.406666667,5.163333333,7.963333333
332,28/11/2019,8.89,11.06,12.78,7.22,8.22,10,4.073333333,8.046666667,11.66666667,3.146666667,4.23,6.296666667
333,29/11/2019,12.22,13.39,15,10,11.39,12.78,8.146666667,10.63,13.33333333,5.74,7.11,8.15
334,30/11/2019,7.78,12.94,16.11,7.78,10.78,12.22,3.89,8.65,13.70333333,3.52,6.103333333,7.776666667
335,1/12/2019,6.11,7.67,8.89,5,7.11,7.78,2.036666667,5.963333333,11.29666667,1.666666667,4.596666667,7.593333333
336,2/12/2019,6.11,8.33,11.11,2.22,3.22,7.22,2.776666667,7.06,12.40666667,-0.556666667,2.113333333,6.11
337,3/12/2019,2.22,6,10,-1.11,1.17,2.78,1.666666667,6.566666667,11.29666667,-2.593333333,0.17,2.78
338,4/12/2019,5,8.22,12.22,2.22,4.72,7.22,0,5.473333333,11.66666667,-1.483333333,1.63,4.813333333
339,5/12/2019,7.78,9.61,12.78,2.78,4.28,6.11,5.556666667,8.45,10.92666667,-0.37,1.813333333,5.74
340,6/12/2019,5,8.89,13.89,3.89,5,7.22,2.036666667,7.326666667,12.22333333,0.37,1.783333333,4.443333333
341,7/12/2019,1.11,6.33,12.78,0,3.78,6.11,1.666666667,6.103333333,10.92666667,-0.37,2.706666667,5.74
342,8/12/2019,2.22,4.72,6.11,1.11,4.39,6.11,4.443333333,7.276666667,10,0.37,3.863333333,7.776666667
343,9/12/2019,3.89,6.94,11.11,3.89,5.83,7.78,4.63,7.89,11.29666667,0.186666667,3.053333333,6.296666667
344,10/12/2019,1.11,3.67,6.11,1.11,3.39,5,2.593333333,7.116666667,11.11,0.37,2.61,4.443333333
345,11/12/2019,1.11,4.67,8.89,0,3,6.11,3.703333333,8.56,13.89,0.74,4.636666667,7.776666667
346,12/12/2019,5,7.5,10,0,3.28,7.78,6.666666667,9.683333333,14.07333333,2.036666667,6.413333333,9.26
347,13/12/2019,10,13.39,16.11,5,7.17,8.89,5,10.08333333,15,2.223333333,4.376666667,6.666666667
348,14/12/2019,2.78,8.22,12.22,2.78,6.06,7.78,1.853333333,6.996666667,13.88666667,0.556666667,4.06,7.593333333
349,15/12/2019,3.89,7.94,12.22,3.89,5.89,7.78,2.963333333,7.956666667,14.44333333,2.776666667,4.526666667,7.223333333
350,16/12/2019,7.22,10.11,15,1.11,3.78,6.11,3.333333333,7.876666667,10.92666667,0,3.03,6.296666667
351,17/12/2019,7.78,9.78,12.22,5,6.39,7.78,2.593333333,6.63,12.03666667,1.11,3.37,5.926666667
352,18/12/2019,3.89,6.83,8.89,2.22,3.72,6.11,2.593333333,6.87,11.66666667,1.48,3.723333333,6.296666667
353,19/12/2019,7.22,10.56,12.78,5,8.89,11.11,4.443333333,8.39,11.66666667,3.146666667,6.12,8.333333333
354,20/12/2019,11.11,12.94,13.89,7.78,10.61,12.22,6.11,8.33,10.55666667,4.63,6.926666667,9.073333333
355,21/12/2019,12.22,14.33,17.22,6.11,11.06,13.89,7.036666667,9.933333333,13.88666667,5,7.9,9.816666667
356,22/12/2019,10,12,13.89,2.78,7.5,10,6.666666667,9.553333333,12.22333333,3.89,7.13,9.26
357,23/12/2019,5,9.22,13.89,1.11,4.39,7.22,5,8.373333333,12.03666667,3.333333333,6.17,8.333333333
358,24/12/2019,2.78,6.78,13.89,2.22,4.67,7.78,6.296666667,8.263333333,11.66666667,5.74,7.276666667,8.89
359,25/12/2019,2.22,7.78,17.22,1.11,5.44,10,5.37,8.503333333,13.14666667,2.776666667,6.7,9.63
360,26/12/2019,2.22,7.83,17.22,2.22,5.22,10,3.333333333,7.393333333,12.40666667,1.296666667,3.92,7.036666667
361,27/12/2019,-1.11,5.28,13.89,-2.22,1.72,6.11,2.406666667,6.856666667,13.33333333,0,2.686666667,5.37
362,28/12/2019,-2.22,4.33,15,-5,-1.22,2.22,0.556666667,5.81,12.77666667,-0.926666667,1.506666667,4.073333333
363,29/12/2019,-2.78,3.78,13.89,-3.89,-0.89,2.78,2.406666667,6.67,12.59333333,-0.556666667,2.043333333,5.556666667
364,30/12/2019,-2.22,3.78,12.78,-2.78,0.33,3.89,-0.37,5.076666667,12.59333333,-1.296666667,1.586666667,5.37
365,31/12/2019,-2.22,3.89,12.22,-2.22,1.28,5,-0.74,5.026666667,12.96333333,-2.036666667,1.033333333,4.26
366,1/1/2020,-2.22,3.33,12.22,-2.78,0.67,5,,,,,,
367,2/1/2020,-2.78,3.11,12.78,-2.78,0.28,3.89,,,,,,
368,3/1/2020,-2.22,1.72,3.89,-2.22,1.06,2.78,,,,,,
369,4/1/2020,-2.22,3.94,12.22,-2.22,0.78,3.89,,,,,,
370,5/1/2020,-2.78,3.39,12.22,-3.89,-0.28,2.78,,,,,,
371,6/1/2020,-2.78,3.5,12.78,-3.89,-0.33,2.78,,,,,,
372,7/1/2020,-2.78,3.67,13.89,-3.89,-1.11,2.78,,,,,,
373,8/1/2020,-2.22,4.72,16.11,-3.89,-1.61,1.11,,,,,,
374,9/1/2020,-1.11,5.5,12.78,-2.22,1.11,5,,,,,,
375,10/1/2020,0,5.94,12.22,-1.11,0.72,3.89,,,,,,
376,11/1/2020,-2.78,3.61,11.11,-3.89,-1.78,0,,,,,,
377,12/1/2020,-5,1.22,10,-7.22,-3.67,-1.11,,,,,,
378,13/1/2020,-5,0.67,7.78,-6.11,-2.67,1.11,,,,,,
379,14/1/2020,-5,1,8.89,-6.11,-1.83,2.22,,,,,,
380,15/1/2020,0,4.72,8.89,0,2.33,5,,,,,,
381,16/1/2020,6.11,8.33,13.89,3.89,5.61,7.22,,,,,,
382,17/1/2020,3.89,8.39,12.78,2.22,4.5,6.11,,,,,,
383,18/1/2020,2.78,6.11,8.89,1.11,4.72,7.78,,,,,,
384,19/1/2020,2.78,6.72,11.11,-12.78,-2.33,7.22,,,,,,
385,20/1/2020,2.22,4.28,6.11,-11.11,-7.94,-2.78,,,,,,
386,21/1/2020,3.89,5.61,7.78,-2.78,0.06,2.78,,,,,,
387,22/1/2020,5,7.11,11.11,1.11,2.39,5,,,,,,
388,23/1/2020,0,5.44,11.11,-1.11,2.33,5,,,,,,
389,24/1/2020,6.11,7.39,8.89,5,5.44,7.22,,,,,,
390,25/1/2020,5,7.39,10,5,6.5,7.78,,,,,,
391,26/1/2020,3.89,6.44,11.11,3.89,4.67,7.22,,,,,,
392,27/1/2020,0,5.22,10,0,4.06,6.11,,,,,,
393,28/1/2020,8.89,11.06,12.78,7.22,8.83,11.11,,,,,,
394,29/1/2020,11.11,12,13.89,8.89,9.17,10,,,,,,
395,30/1/2020,7.78,10.67,12.78,7.22,7.83,8.89,,,,,,
396,31/1/2020,10,12.28,15,7.78,9.33,11.11,,,,,,
397,1/2/2020,11.11,13.94,18.89,10,11.11,12.22,,,,,,
398,2/2/2020,10,11.78,12.78,8.89,10,11.11,,,,,,
399,3/2/2020,7.78,11.28,17.78,7.78,8.67,10,,,,,,
400,4/2/2020,2.78,10,18.89,2.78,6.17,10,,,,,,
401,5/2/2020,1.11,8,15,-2.78,0.61,5,,,,,,
402,6/2/2020,0,5.06,10,-1.11,2.39,6.11,,,,,,
403,7/2/2020,2.22,6.89,12.78,1.11,4.33,7.22,,,,,,
404,8/2/2020,2.78,6.72,12.22,2.78,5.44,7.78,,,,,,
405,9/2/2020,3.89,8.06,12.22,3.89,6.44,7.78,,,,,,
406,10/2/2020,5,8.94,15,3.89,7.44,10,,,,,,
407,11/2/2020,3.89,7.89,11.11,3.89,7.17,8.89,,,,,,
408,12/2/2020,8.89,9.67,11.11,7.78,8.44,8.89,,,,,,
409,13/2/2020,8.89,11.22,15,7.22,8.5,10,,,,,,
410,14/2/2020,5,8.67,15,3.89,6.67,8.89,,,,,,
411,15/2/2020,1.11,7.61,16.11,0,4.72,8.89,,,,,,
412,16/2/2020,1.11,9.06,17.78,1.11,5.33,10,,,,,,
413,17/2/2020,2.78,8.67,13.89,2.78,6.94,10,,,,,,
414,18/2/2020,2.78,8,13.89,1.11,4.17,7.78,,,,,,
415,19/2/2020,1.11,7.67,16.11,-1.11,1.11,2.78,,,,,,
416,20/2/2020,-2.22,6.78,17.22,-2.78,0.44,2.78,,,,,,
417,21/2/2020,-1.11,8.83,20,-2.78,-0.61,2.78,,,,,,
418,22/2/2020,-1.11,9.17,22.22,-2.78,-0.11,2.78,,,,,,
419,23/2/2020,1.11,10.28,22.22,-2.22,-0.17,2.22,,,,,,
420,24/2/2020,0,10.28,21.11,-2.22,0.61,2.22,,,,,,
421,25/2/2020,1.11,9.22,18.89,-6.11,2,6.11,,,,,,
422,26/2/2020,7.22,11.44,16.11,-2.78,0.94,5,,,,,,
423,27/2/2020,1.11,11.56,18.89,-2.22,1.06,3.89,,,,,,
424,28/2/2020,2.22,10.72,18.89,0,1.67,3.89,,,,,,
425,29/2/2020,5,10.44,13.89,1.11,5.06,8.89,,,,,,
426,1/3/2020,8.89,11.44,15,3.89,7.22,11.11,,,,,,
427,2/3/2020,7.78,11.17,12.78,-5,3.61,10,,,,,,
428,3/3/2020,7.22,10.5,16.11,-1.11,4.72,10,,,,,,
429,4/3/2020,11.11,14.61,18.89,3.89,7.78,10,,,,,,
430,5/3/2020,11.11,12.89,16.11,1.11,6.11,10,,,,,,
431,6/3/2020,7.22,9.67,12.78,-5,-1.28,2.22,,,,,,
432,7/3/2020,1.11,8.28,16.11,-5,-0.5,2.78,,,,,,
433,8/3/2020,-1.11,8.39,16.11,-2.22,1.67,5,,,,,,
434,9/3/2020,5,12.11,17.78,0,2.33,5,,,,,,
435,10/3/2020,3.89,12.44,22.78,0,2.44,6.11,,,,,,
436,11/3/2020,5,14.78,25,3.89,6.28,8.89,,,,,,
437,12/3/2020,7.22,15.72,25,3.89,7.06,8.89,,,,,,
438,13/3/2020,7.78,15.78,22.78,5,7.11,8.89,,,,,,
439,14/3/2020,7.22,15.17,22.22,5,6.72,8.89,,,,,,
440,15/3/2020,6.11,12.72,20,2.22,5.94,11.11,,,,,,
441,16/3/2020,3.89,7.28,12.22,1.11,4.11,8.89,,,,,,
442,17/3/2020,5,10.44,17.22,2.78,6.44,8.89,,,,,,
443,18/3/2020,7.78,12.39,17.22,7.22,7.78,10,,,,,,
444,19/3/2020,8.89,12.72,17.22,3.89,6.56,8.89,,,,,,
445,20/3/2020,7.78,11.61,12.78,5,6.28,7.22,,,,,,
446,21/3/2020,7.78,9,10,5,6.5,8.89,,,,,,
447,22/3/2020,6.11,9.17,12.22,5,7,7.78,,,,,,
448,23/3/2020,7.78,10.22,16.11,5,7.44,8.89,,,,,,
449,24/3/2020,8.89,11.89,16.11,5,6.22,7.22,,,,,,
450,25/3/2020,7.22,11.67,17.22,1.11,4.39,7.22,,,,,,
451,26/3/2020,2.78,9,16.11,-8.89,-2.44,2.22,,,,,,
452,27/3/2020,2.22,6.44,12.22,-2.78,0.44,2.78,,,,,,
453,28/3/2020,-1.11,7.89,16.11,-5,-0.11,2.78,,,,,,
454,29/3/2020,1.11,10.78,18.89,0,1.33,2.78,,,,,,
455,30/3/2020,2.22,6.28,12.78,-2.22,0.61,2.78,,,,,,
456,31/3/2020,1.11,4.61,11.11,0,3.83,8.89,,,,,,
457,1/4/2020,7.22,9.44,13.89,2.78,6.89,8.89,,,,,,
458,2/4/2020,1.11,8.33,15,0,4.22,7.78,,,,,,
459,3/4/2020,2.22,10.06,17.22,-1.11,2.44,6.11,,,,,,
460,4/4/2020,2.22,10.56,17.78,1.11,3.67,6.11,,,,,,
461,5/4/2020,7.78,14.33,20,5,7.22,8.89,,,,,,
462,6/4/2020,12.22,15,18.89,7.78,10.56,12.78,,,,,,
463,7/4/2020,11.11,14.17,17.78,10,12.33,15,,,,,,
464,8/4/2020,10,15.72,22.22,7.78,10.89,12.78,,,,,,
465,9/4/2020,11.11,13.33,16.11,7.22,10,12.78,,,,,,
466,10/4/2020,10,12.28,15,10,11.39,12.78,,,,,,
467,11/4/2020,11.11,14.56,18.89,7.78,10.06,11.11,,,,,,
468,12/4/2020,10,14.72,20,3.89,6.39,10,,,,,,
469,13/4/2020,7.78,12.83,18.89,3.89,7.56,11.11,,,,,,
470,14/4/2020,8.89,12.61,17.78,7.78,10,12.78,,,,,,
471,15/4/2020,8.89,12.78,17.22,7.78,9.94,12.22,,,,,,
472,16/4/2020,10,13.94,18.89,8.89,10.78,12.78,,,,,,
473,17/4/2020,11.11,15.06,18.89,7.78,10,12.78,,,,,,
474,18/4/2020,7.78,14.44,21.11,7.22,9.5,12.22,,,,,,
475,19/4/2020,11.11,13.94,18.89,7.22,10.11,11.11,,,,,,
476,20/4/2020,6.11,12.78,18.89,6.11,7.67,10,,,,,,
477,21/4/2020,8.89,11.89,16.11,6.11,7.5,8.89,,,,,,
478,22/4/2020,10,14.72,20,6.11,7.72,11.11,,,,,,
479,23/4/2020,11.11,15.39,21.11,7.78,10.5,12.22,,,,,,
480,24/4/2020,10,16.33,22.78,7.78,10.17,12.22,,,,,,
481,25/4/2020,8.89,15.89,22.78,8.89,9.56,11.11,,,,,,
482,26/4/2020,11.11,15.39,21.11,6.11,9.56,12.22,,,,,,
483,27/4/2020,10,14.06,17.78,5,6.72,7.78,,,,,,
484,28/4/2020,7.22,12.5,17.78,3.89,5.94,7.78,,,,,,
485,29/4/2020,6.11,13.94,20,3.89,6.11,8.89,,,,,,
486,30/4/2020,12.22,15.33,20,7.22,8.5,11.11,,,,,,
487,1/5/2020,10,16.61,22.78,8.89,11.17,12.78,,,,,,
488,2/5/2020,10,19,26.11,8.89,11.61,13.89,,,,,,
489,3/5/2020,10,20,28.89,8.89,10.78,12.78,,,,,,
490,4/5/2020,12.78,21.56,32.22,7.22,11.22,13.89,,,,,,
491,5/5/2020,12.78,19.61,25,-6.11,4.5,10,,,,,,
492,6/5/2020,6.11,16.67,27.22,-2.22,2.56,6.11,,,,,,
493,7/5/2020,10,19.39,27.22,5,8.61,12.22,,,,,,
494,8/5/2020,12.78,21.44,27.78,7.78,9.17,12.22,,,,,,
495,9/5/2020,13.89,19.61,23.89,5,9.39,12.78,,,,,,
496,10/5/2020,11.11,15.72,20,3.89,7.44,11.11,,,,,,
497,11/5/2020,12.22,16.06,20,7.22,8.61,12.78,,,,,,
498,12/5/2020,11.11,13.22,16.11,8.89,10.89,12.22,,,,,,
499,13/5/2020,11.11,14.56,18.89,7.22,9,11.11,,,,,,
500,14/5/2020,10,12.5,16.11,6.11,8.5,10,,,,,,
501,15/5/2020,8.89,13.17,18.89,7.22,9.89,12.22,,,,,,
502,16/5/2020,11.11,14.83,21.11,7.22,9.72,12.22,,,,,,
503,17/5/2020,7.78,16.22,22.78,5,6.83,8.89,,,,,,
504,18/5/2020,8.89,18.89,27.78,2.78,6.61,8.89,,,,,,
505,19/5/2020,11.11,20.67,28.89,3.89,7.72,11.11,,,,,,
506,20/5/2020,12.22,22.11,31.11,-1.11,6.5,11.11,,,,,,
507,21/5/2020,12.22,22.72,32.22,2.78,7,10,,,,,,
508,22/5/2020,12.78,24,32.78,8.89,10.39,12.22,,,,,,
509,23/5/2020,15,24.83,33.89,7.78,11.56,15,,,,,,
510,24/5/2020,16.11,23.89,31.11,10,11.83,13.89,,,,,,
511,25/5/2020,17.22,22.17,30,10,14.39,18.89,,,,,,
512,26/5/2020,13.89,20.67,26.11,12.22,14.22,16.11,,,,,,
513,27/5/2020,15,22.72,31.11,7.22,10.78,13.89,,,,,,
514,28/5/2020,13.89,22.67,28.89,5,8.22,12.22,,,,,,
515,29/5/2020,12.78,22.72,32.22,5,8.78,11.11,,,,,,
516,30/5/2020,15,24.06,32.78,5,8.94,12.22,,,,,,
517,31/5/2020,17.22,22.22,30,6.11,10.33,15,,,,,,
518,1/6/2020,13.89,21.78,28.89,8.89,13.17,16.11,,,,,,
519,2/6/2020,16.11,23.67,31.11,5,11,13.89,,,,,,
520,3/6/2020,13.89,22.33,28.89,8.89,11.33,16.11,,,,,,
521,4/6/2020,15,19.06,25,3.89,11.06,17.22,,,,,,
522,5/6/2020,11.11,20.17,28.89,5,7.28,8.89,,,,,,
523,6/6/2020,12.78,22.22,27.78,5,8.67,12.22,,,,,,
524,7/6/2020,13.89,19.89,25,3.89,9.39,15,,,,,,
525,8/6/2020,11.11,16.72,22.78,1.11,4,10,,,,,,
526,9/6/2020,8.89,16.78,23.89,2.22,3.94,6.11,,,,,,
527,10/6/2020,10,19.06,26.11,2.78,4.44,6.11,,,,,,
528,11/6/2020,16.11,20.44,23.89,2.78,7.33,11.11,,,,,,
529,12/6/2020,12.22,16.44,22.22,2.78,4.89,10,,,,,,
530,13/6/2020,11.11,17.67,25,3.89,6.83,11.11,,,,,,
531,14/6/2020,11.11,19.72,26.11,3.89,6.39,7.78,,,,,,
532,15/6/2020,12.78,21.72,27.78,5,7.28,8.89,,,,,,
533,16/6/2020,15,21.39,26.11,3.89,7.78,10,,,,,,
534,17/6/2020,13.89,21.17,27.22,2.78,5.56,7.78,,,,,,
535,18/6/2020,13.89,22.33,30,2.78,6.83,10,,,,,,
536,19/6/2020,13.89,23.61,31.11,1.11,8.67,13.89,,,,,,
537,20/6/2020,13.89,25.28,32.78,1.11,5.06,7.22,,,,,,
538,21/6/2020,16.11,26.56,35,3.89,6.56,7.78,,,,,,
539,22/6/2020,18.89,27.61,36.11,3.89,8.33,11.11,,,,,,
540,23/6/2020,20,28.89,37.22,2.22,8.33,12.22,,,,,,
541,24/6/2020,22.22,28,33.89,7.22,10.78,13.89,,,,,,
542,25/6/2020,18.89,27.94,36.11,8.89,10.89,12.78,,,,,,
543,26/6/2020,18.89,26.28,32.22,1.11,8.78,15,,,,,,
544,27/6/2020,17.22,25.72,32.78,2.78,7.22,10,,,,,,
545,28/6/2020,17.78,27.61,35,6.11,10.06,12.22,,,,,,
546,29/6/2020,18.89,29.44,37.78,-1.11,8,12.78,,,,,,
547,30/6/2020,21.11,30.56,37.78,3.89,10.72,15,,,,,,
548,1/7/2020,20,29.83,36.11,2.78,9.56,13.89,,,,,,
549,2/7/2020,17.78,27.44,33.89,2.78,7.17,11.11,,,,,,
550,3/7/2020,17.22,24.83,32.22,3.89,7.89,12.22,,,,,,
551,4/7/2020,17.22,26.56,35,-1.11,3.72,7.22,,,,,,
552,5/7/2020,17.78,28.67,37.22,-2.22,5.17,11.11,,,,,,
553,6/7/2020,21.11,30.06,37.78,5,10.83,12.78,,,,,,
554,7/7/2020,21.11,30.67,38.89,1.11,6.44,12.22,,,,,,
555,8/7/2020,22.78,30.28,37.22,3.89,8,11.11,,,,,,
556,9/7/2020,21.11,26.67,33.89,7.22,10.22,12.78,,,,,,
557,10/7/2020,17.78,25.94,33.89,7.78,10.78,12.78,,,,,,
558,11/7/2020,21.11,29.17,37.22,7.78,11.5,15,,,,,,
559,12/7/2020,22.78,27.11,33.89,11.11,14.17,17.22,,,,,,
560,13/7/2020,17.22,26.89,35,10,11.72,12.78,,,,,,
561,14/7/2020,20,26.56,33.89,-1.11,6.67,13.89,,,,,,
562,15/7/2020,17.78,25.83,33.89,2.78,7.33,12.22,,,,,,
563,16/7/2020,17.78,27.44,36.11,2.78,7.89,10,,,,,,
564,17/7/2020,21.11,28.56,36.11,0,4.94,11.11,,,,,,
565,18/7/2020,17.22,27.39,37.22,-7.22,5.44,12.78,,,,,,
566,19/7/2020,18.89,28.89,37.78,0,6.06,12.78,,,,,,
567,20/7/2020,18.89,29.06,37.78,-1.11,5.33,11.11,,,,,,
568,21/7/2020,21.11,29.5,36.11,2.78,10.33,16.11,,,,,,
569,22/7/2020,18.89,27.06,33.89,7.78,13.06,18.89,,,,,,
570,23/7/2020,18.89,29.39,37.78,7.78,11.28,13.89,,,,,,
571,24/7/2020,21.11,30.44,37.78,5,9.89,13.89,,,,,,
572,25/7/2020,22.22,30.17,37.78,1.11,9.11,13.89,,,,,,
573,26/7/2020,20,30.83,40,-1.11,6.06,8.89,,,,,,
574,27/7/2020,22.22,32.28,42.22,3.89,8.44,12.78,,,,,,
575,28/7/2020,23.89,31.83,37.22,7.78,10.61,13.89,,,,,,
576,29/7/2020,22.22,31,38.89,5,11,13.89,,,,,,
577,30/7/2020,23.89,32.39,41.11,3.89,11.72,17.22,,,,,,
578,31/7/2020,20,30.78,38.89,0,7.72,12.22,,,,,,
579,1/8/2020,18.89,30.56,38.89,-6.11,3.89,7.22,,,,,,
580,2/8/2020,20,28.56,37.22,2.22,9.28,13.89,,,,,,
581,3/8/2020,18.89,26.28,32.78,3.89,7.78,11.11,,,,,,
582,4/8/2020,17.78,26.06,33.89,6.11,8.61,10,,,,,,
583,5/8/2020,18.89,28.22,36.11,3.89,8.22,15,,,,,,
584,6/8/2020,22.22,30.44,37.78,6.11,10.72,17.22,,,,,,
585,7/8/2020,22.78,31.78,38.89,10,11.33,12.78,,,,,,
586,8/8/2020,22.78,30.89,37.22,7.78,10,12.22,,,,,,
587,9/8/2020,22.22,30.83,38.89,7.22,9.28,11.11,,,,,,
588,10/8/2020,23.89,28.22,32.78,7.22,10.61,15,,,,,,
589,11/8/2020,16.11,21.22,27.22,12.22,15.72,18.89,,,,,,
590,12/8/2020,13.89,21.17,27.78,10,13.5,15,,,,,,
591,13/8/2020,16.11,23.72,31.11,7.78,12.06,13.89,,,,,,
592,14/8/2020,17.22,25.67,32.78,7.22,10.72,13.89,,,,,,
593,15/8/2020,17.22,25.11,30,-1.11,5.06,11.11,,,,,,
594,16/8/2020,13.89,22.67,28.89,3.89,6.56,7.78,,,,,,
595,17/8/2020,13.89,22.89,30,5,8.72,12.22,,,,,,
596,18/8/2020,17.78,25.44,32.22,11.11,12.22,13.89,,,,,,
597,19/8/2020,17.22,26.28,33.89,2.78,9.72,12.78,,,,,,
598,20/8/2020,15,25.83,35,-2.78,3.11,7.22,,,,,,
599,21/8/2020,20,26.94,32.78,2.22,11.28,17.78,,,,,,
600,22/8/2020,18.89,26.94,33.89,2.22,9.94,16.11,,,,,,
601,23/8/2020,20,27,33.89,0,6,12.22,,,,,,
602,24/8/2020,18.89,26.83,35,3.89,9.39,17.22,,,,,,
603,25/8/2020,17.78,27.67,36.11,2.78,8.5,16.11,,,,,,
604,26/8/2020,17.78,28.22,37.78,2.78,6.78,10,,,,,,
605,27/8/2020,18.89,29.06,37.78,3.89,6.78,10,,,,,,
606,28/8/2020,18.89,27.06,32.78,-5,6.39,12.22,,,,,,
607,29/8/2020,15,19.67,23.89,1.11,4.72,10,,,,,,
608,30/8/2020,10,17.28,22.78,0,2.5,6.11,,,,,,
609,31/8/2020,10,18.5,26.11,-1.11,2.56,5,,,,,,
610,1/9/2020,12.78,19.89,28.89,0,1.83,2.78,,,,,,
611,2/9/2020,16.11,22.61,30,2.22,4.5,7.78,,,,,,
612,3/9/2020,13.89,23.5,32.22,-1.11,4.5,12.22,,,,,,
613,4/9/2020,16.11,24.5,32.78,1.11,6.28,12.22,,,,,,
614,5/9/2020,15,24.83,33.89,3.89,7.22,11.11,,,,,,
615,6/9/2020,16.11,26,33.89,3.89,7.28,10,,,,,,
616,7/9/2020,13.89,21.17,27.78,-1.11,4.61,10,,,,,,
617,8/9/2020,12.78,19.89,27.22,2.22,4.44,7.22,,,,,,
618,9/9/2020,12.22,21.28,28.89,2.78,4.56,7.22,,,,,,
619,10/9/2020,16.11,24,31.11,5,8.11,10,,,,,,
620,11/9/2020,16.11,24.83,32.78,5,6.44,8.89,,,,,,
621,12/9/2020,16.11,25,32.78,2.22,6.61,10,,,,,,
622,13/9/2020,17.78,25.56,32.78,6.11,8.06,11.11,,,,,,
623,14/9/2020,17.22,25,31.11,7.78,10.28,12.22,,,,,,
624,15/9/2020,17.78,23.67,28.89,10,14.5,17.78,,,,,,
625,16/9/2020,16.11,23.61,31.11,8.89,12.11,16.11,,,,,,
626,17/9/2020,17.78,22.39,27.22,13.89,15.44,17.78,,,,,,
627,18/9/2020,15,17.94,21.11,12.78,15.17,17.78,,,,,,
628,19/9/2020,13.89,17.22,20,12.22,13.44,15,,,,,,
629,20/9/2020,16.11,18.78,22.78,12.22,14,16.11,,,,,,
630,21/9/2020,12.78,18,25,7.78,11.67,15,,,,,,
631,22/9/2020,12.22,18.67,25,7.78,10.72,12.22,,,,,,
632,23/9/2020,16.11,20.28,25,11.11,12.89,15,,,,,,
633,24/9/2020,17.22,19.72,22.78,6.11,13.28,16.11,,,,,,
634,25/9/2020,12.78,16.17,20,2.22,3.72,7.22,,,,,,
635,26/9/2020,7.78,15.17,22.22,2.78,4.5,8.89,,,,,,
636,27/9/2020,13.89,17.72,22.22,1.11,6.33,10,,,,,,
637,28/9/2020,6.11,14.61,23.89,-1.11,3.11,6.11,,,,,,
638,29/9/2020,8.89,16.94,26.11,1.11,4.39,7.22,,,,,,
639,30/9/2020,8.89,17.78,27.22,2.78,5.44,7.22,,,,,,
640,1/10/2020,11.11,17.88,22.78,6.11,8.02,10,,,,,,
641,2/10/2020,12.22,14.52,17.78,0,6.36,13.89,,,,,,
642,3/10/2020,8.89,13.1,17.78,1.11,2.19,2.78,,,,,,
643,4/10/2020,7.78,13.86,18.89,2.22,3.94,8.89,,,,,,
644,5/10/2020,10,15.16,20,2.22,4.11,6.11,,,,,,
645,6/10/2020,7.22,17.87,26.11,5,8.45,12.78,,,,,,
646,7/10/2020,8.89,17.66,26.11,7.78,10.32,12.22,,,,,,
647,8/10/2020,11.11,17.49,26.11,7.78,10.26,12.22,,,,,,
648,9/10/2020,8.89,17.76,27.22,7.22,9.64,12.78,,,,,,
649,10/10/2020,10,17.16,23.89,5,8.6,12.22,,,,,,
650,11/10/2020,7.78,13.29,18.89,1.11,2.76,5,,,,,,
651,12/10/2020,8.89,13.15,18.89,0,2.09,3.89,,,,,,
652,13/10/2020,6.11,14.47,22.78,2.22,4.81,8.89,,,,,,
653,14/10/2020,10,14.31,17.22,-1.11,2.16,6.11,,,,,,
654,15/10/2020,6.11,11.32,17.22,1.11,2.09,2.78,,,,,,
655,16/10/2020,2.22,9.18,16.11,-1.11,0.35,1.11,,,,,,
656,17/10/2020,1.11,9.31,18.89,-1.11,0.84,2.78,,,,,,
657,18/10/2020,2.78,11.57,22.22,1.11,2.54,5,,,,,,
658,19/10/2020,5,14.08,22.78,2.22,4.32,7.22,,,,,,
659,20/10/2020,12.22,15.63,20,6.11,10.82,13.89,,,,,,
660,21/10/2020,13.89,15.57,20,11.11,12.03,13.89,,,,,,
661,22/10/2020,12.22,14.51,17.22,11.11,12.07,12.78,,,,,,
662,23/10/2020,7.78,11.93,15,6.11,8.97,11.11,,,,,,
663,24/10/2020,5,10.03,16.11,5,7.66,10,,,,,,
664,25/10/2020,7.22,11.43,16.11,6.11,8.96,12.22,,,,,,
665,26/10/2020,7.78,10.34,12.78,1.11,2.5,5,,,,,,
666,27/10/2020,5,12.58,16.11,2.22,4.37,7.78,,,,,,
667,28/10/2020,6.11,10.23,12.78,5,8.62,11.11,,,,,,
668,29/10/2020,8.89,12.55,16.11,7.22,8.98,10,,,,,,
669,30/10/2020,3.89,10.62,18.89,2.78,7.23,11.11,,,,,,
670,31/10/2020,6.11,12.72,22.22,5,8.49,11.11,,,,,,
671,1/11/2020,7.22,13.14,21.11,6.11,9.32,12.22,,,,,,
672,2/11/2020,7.78,13.52,21.11,7.22,10.04,12.22,,,,,,
673,3/11/2020,11.11,12.85,15,7.22,10.92,13.89,,,,,,
674,4/11/2020,7.22,9.41,12.22,2.78,5.82,8.89,,,,,,
675,5/11/2020,7.78,10.86,13.89,6.11,8.98,12.22,,,,,,
676,6/11/2020,8.89,14.33,20,7.78,10.76,12.78,,,,,,
677,7/11/2020,8.89,12.89,16.11,7.78,10.51,12.78,,,,,,
678,8/11/2020,7.22,7.78,8.89,7.22,7.5,7.78,,,,,,
679,9/11/2020,7.78,11.11,15,7.78,9.56,11.11,,,,,,
680,10/11/2020,5,10,17.22,3.89,6.98,10,,,,,,
681,11/11/2020,3.89,9.02,15,3.89,6.45,8.89,,,,,,
682,12/11/2020,6.11,9.68,15,5,7.43,10,,,,,,
683,13/11/2020,6.11,10.53,16.11,5,7.29,8.89,,,,,,
684,14/11/2020,8.89,10.74,12.78,7.78,9.48,12.22,,,,,,
685,15/11/2020,12.22,13.84,17.22,11.11,12.52,13.89,,,,,,
686,16/11/2020,11.11,13.63,17.78,10,12.08,12.78,,,,,,
687,17/11/2020,5,10.07,16.11,5,8.8,12.22,,,,,,
688,18/11/2020,7.78,9.55,12.78,7.22,8.92,11.11,,,,,,
689,19/11/2020,5,11.82,21.11,5,7.95,11.11,,,,,,
690,20/11/2020,3.89,10.28,17.22,-2.22,3.17,7.22,,,,,,
691,21/11/2020,1.11,7.16,15,-2.78,1.03,5,,,,,,
692,22/11/2020,0,5.97,13.89,-2.22,1.58,5,,,,,,
693,23/11/2020,0,6.64,16.11,0,2.33,3.89,,,,,,
694,24/11/2020,0,5.54,12.78,-1.11,2.31,5,,,,,,
695,25/11/2020,2.22,6.88,12.22,2.22,4.68,7.78,,,,,,
696,26/11/2020,7.78,9.99,12.78,6.11,7.77,8.89,,,,,,
697,27/11/2020,6.11,8.69,12.22,6.11,7.14,7.78,,,,,,
698,28/11/2020,5,7.89,10,5,6.72,7.78,,,,,,
699,29/11/2020,3.89,7.23,12.22,3.89,5.81,7.22,,,,,,
700,30/11/2020,2.22,6.61,15,2.22,5.01,8.89,,,,,,
701,1/12/2020,0,7.18,16.11,-1.11,2.9,7.22,,,,,,
702,2/12/2020,3.89,8.48,11.11,-2.78,0.06,2.78,,,,,,
703,3/12/2020,-2.78,3.31,8.89,-3.89,-1.83,0,,,,,,
704,4/12/2020,2.78,6.35,7.78,-2.78,0.22,6.11,,,,,,
705,5/12/2020,-1.11,4.53,7.78,-2.78,-2.04,0,,,,,,
706,6/12/2020,2.78,5.37,7.78,-2.22,-0.94,2.22,,,,,,
707,7/12/2020,6.11,9,12.78,2.22,5.26,7.22,,,,,,
708,8/12/2020,3.89,7.23,10,-2.22,0.61,5,,,,,,
709,9/12/2020,-1.11,5.18,10,-2.22,-0.56,1.11,,,,,,
710,10/12/2020,5,10.23,15,1.11,6.8,10,,,,,,
711,11/12/2020,12.78,14.44,17.22,5,11.24,12.78,,,,,,
712,12/12/2020,6.11,11.53,13.89,2.78,3.24,3.89,,,,,,
713,13/12/2020,3.89,6.44,12.22,0,4.01,7.78,,,,,,
714,14/12/2020,7.22,9.87,13.89,7.22,8.13,10,,,,,,
715,15/12/2020,5,9.08,5,2.78,5.81,10,,,,,,
716,16/12/2020,2.78,6.5,11.11,2.22,4.83,7.78,,,,,,
717,17/12/2020,6.11,9.28,15,6.11,7.34,8.89,,,,,,
718,18/12/2020,2.22,6.67,10,2.22,5.53,7.78,,,,,,
719,19/12/2020,7.22,7.72,7.78,7.22,7.39,7.78,,,,,,
720,20/12/2020,3.89,7.47,12.22,3.89,6.2,7.78,,,,,,
721,21/12/2020,5,7.33,8.89,3.89,6.67,7.78,,,,,,
722,22/12/2020,7.22,7.79,10,6.11,7.18,7.78,,,,,,
723,23/12/2020,6.11,7.23,8.89,6.11,6.94,7.78,,,,,,
724,24/12/2020,6.11,8.51,11.11,0,6.1,7.78,,,,,,
725,25/12/2020,0,4.68,8.89,-6.11,-2.52,0,,,,,,
726,26/12/2020,-2.78,2.23,10,-5,-3.55,-2.22,,,,,,
727,27/12/2020,-5,1.32,7.22,-5,-2.54,1.11,,,,,,
728,28/12/2020,5,7.34,10,-2.78,0.08,6.11,,,,,,
729,29/12/2020,0,4.39,7.78,-2.22,-0.63,2.22,,,,,,
730,30/12/2020,-1.11,4.02,8.89,-3.89,-2.51,-1.11,,,,,,
731,31/12/2020,-3.89,1.94,7.78,-6.11,-0.84,3.89,,,,,,
732,1/1/2021,2.78,3.43,7.22,-2.78,-0.23,2.22,,,,,,
733,2/1/2021,-2.78,0.75,6.11,-7.22,-4.83,-1.11,,,,,,
734,3/1/2021,-5,0.97,8.89,-7.78,-4.56,-2.22,,,,,,
735,4/1/2021,-2.22,2.56,7.22,-6.11,-3.88,-2.22,,,,,,
736,5/1/2021,-6.11,-0.61,6.11,-7.22,-5.41,-2.78,,,,,,
737,6/1/2021,-7.22,-1.1,7.22,-7.78,-5.58,-2.22,,,,,,
738,7/1/2021,-2.78,-0.13,2.22,-5,-2.88,0,,,,,,
739,8/1/2021,-5,-1.36,1.11,-7.22,-2.8,0,,,,,,
740,9/1/2021,-1.11,4.39,0,-2.22,-1.04,0,,,,,,
741,10/1/2021,-3.89,0.91,3.89,-5,-1.52,0,,,,,,
742,11/1/2021,-11.11,-3.07,3.89,-11.11,-6.43,-2.22,,,,,,
743,12/1/2021,-12.78,-7.37,0,-15,-10.02,-7.22,,,,,,
744,13/1/2021,-12.78,-6.17,2.22,-13.89,-9.16,-5,,,,,,
745,14/1/2021,-11.11,-4.83,3.89,-12.78,-7.94,-5,,,,,,
746,15/1/2021,-8.89,-3.09,6.11,-10,-5.54,-2.22,,,,,,
747,16/1/2021,-8.89,-2.11,5,-10,-5.3,-1.11,,,,,,
748,17/1/2021,-10,-3.15,5,-11.11,-6.81,-3.89,,,,,,
749,18/1/2021,-7.78,-0.94,8.89,-8.89,-3.85,1.11,,,,,,
750,19/1/2021,-8.89,-1.42,7.22,-8.89,-3.45,1.11,,,,,,
751,20/1/2021,-2.78,1,5,-3.89,0.6,3.89,,,,,,
752,21/1/2021,2.78,7.67,11.11,2.78,6.63,8.89,,,,,,
753,22/1/2021,7.22,8.78,11.11,1.11,4.52,8.89,,,,,,
754,23/1/2021,3.89,6.94,10,1.11,4.53,8.89,,,,,,
755,24/1/2021,8.89,10.69,12.78,1.11,3.32,10,,,,,,
756,25/1/2021,7.78,11.21,13.89,6.11,9.12,11.11,,,,,,
757,26/1/2021,6.11,10.32,15,6.11,9.19,12.22,,,,,,
758,27/1/2021,10,13.07,18.89,10,11.02,12.22,,,,,,
759,28/1/2021,8.89,10.78,12.22,8.89,9.93,11.11,,,,,,
760,29/1/2021,7.22,9.8,12.22,6.11,8.13,8.89,,,,,,
761,30/1/2021,7.78,11.01,13.89,-1.11,5.4,10,,,,,,
762,31/1/2021,7.78,11.02,13.89,1.11,5.76,10,,,,,,
763,1/2/2021,8.89,12.72,17.22,2.78,5.91,7.78,,,,,,
764,2/2/2021,7.78,10.6,12.78,7.22,8.31,10,,,,,,
765,3/2/2021,7.22,9.98,12.78,5,7.97,10,,,,,,
766,4/2/2021,8.89,10.93,13.89,7.22,8.38,10,,,,,,
767,5/2/2021,6.11,10.94,17.22,3.89,6.96,8.89,,,,,,
768,6/2/2021,6.11,9.18,12.22,6.11,7.59,8.89,,,,,,
769,7/2/2021,3.89,7.79,12.22,1.11,3.19,6.11,,,,,,
770,8/2/2021,6.11,8.41,12.22,5,5.6,6.11,,,,,,
771,9/2/2021,6.11,7.94,10,3.89,5.92,7.78,,,,,,
772,10/2/2021,7.22,10.12,15,-1.11,3.66,6.11,,,,,,
773,11/2/2021,3.89,8.97,12.78,2.78,7.42,11.11,,,,,,
774,12/2/2021,8.89,11.68,15,3.89,7.03,11.11,,,,,,
775,13/2/2021,2.78,9.01,16.11,2.22,4.38,7.22,,,,,,
776,14/2/2021,1.11,8.06,17.22,1.11,3.91,7.22,,,,,,
777,15/2/2021,2.78,8.27,15,2.78,5.26,7.78,,,,,,
778,16/2/2021,2.22,8.08,15,1.11,4.36,7.22,,,,,,
779,17/2/2021,3.89,9.2,16.11,2.78,5.28,7.78,,,,,,
780,18/2/2021,2.22,8.99,17.22,-2.22,2.91,6.11,,,,,,
781,19/2/2021,1.11,9.07,18.89,0,2.11,6.11,,,,,,
782,20/2/2021,2.78,9.76,17.78,-1.11,1.58,5,,,,,,
783,21/2/2021,7.22,9.98,12.78,2.78,5.65,7.78,,,,,,
784,22/2/2021,3.89,7.78,12.22,1.11,3.14,5,,,,,,
785,23/2/2021,0,6.74,13.89,0,2.86,6.11,,,,,,
786,24/2/2021,1.11,7.73,15,0,4.56,8.89,,,,,,
787,25/2/2021,2.78,8.6,12.78,2.78,5.19,7.22,,,,,,
788,26/2/2021,3.89,9.64,16.11,2.78,4.99,7.78,,,,,,
789,27/2/2021,2.22,10.1,18.89,2.22,4.21,7.22,,,,,,
790,28/2/2021,2.78,8.5,15,0,3.24,6.11,,,,,,
791,1/3/2021,6.11,7.97,10,2.22,4.51,7.22,,,,,,
792,2/3/2021,7.22,10.06,13.89,5,6.23,7.22,,,,,,
793,3/3/2021,6.11,10.13,15,5,6.89,8.89,,,,,,
794,4/3/2021,2.78,7.86,12.78,2.78,6.12,7.78,,,,,,
795,5/3/2021,2.78,9.21,15,2.78,5.67,7.78,,,,,,
796,6/3/2021,7.78,10.89,15,2.78,4.83,7.22,,,,,,
797,7/3/2021,5,9.68,15,2.78,5.32,7.22,,,,,,
798,8/3/2021,5,8.46,13.89,3.89,5.75,7.22,,,,,,
799,9/3/2021,5,8.87,12.78,-1.11,1.32,3.89,,,,,,
800,10/3/2021,-2.22,7.36,16.11,-2.78,-0.47,2.22,,,,,,
801,11/3/2021,2.78,10.7,18.89,1.11,4.93,8.89,,,,,,
802,12/3/2021,6.11,10.81,16.11,-1.11,3.94,7.78,,,,,,
803,13/3/2021,0,7.79,16.11,-2.78,-0.78,2.22,,,,,,
804,14/3/2021,0,8.63,16.11,-2.22,1.12,5,,,,,,
805,15/3/2021,1.11,10.34,18.89,-1.11,1.13,3.89,,,,,,
806,16/3/2021,3.89,11.82,18.89,-1.11,1.02,2.22,,,,,,
807,17/3/2021,7.22,12.56,20,-6.11,0.88,3.89,,,,,,
808,18/3/2021,2.78,8.42,12.22,-5,-2.69,0,,,,,,
809,19/3/2021,2.22,7.02,11.11,-3.89,-0.39,2.78,,,,,,
810,20/3/2021,1.11,6.61,12.22,-7.78,-5.53,-2.78,,,,,,
811,21/3/2021,-2.22,6.85,16.11,-7.78,-4.44,-1.11,,,,,,
812,22/3/2021,-1.11,8.13,17.22,-3.89,-2.03,0,,,,,,
813,23/3/2021,0,9.6,18.89,-2.78,-1.58,1.11,,,,,,
814,24/3/2021,1.11,11.44,21.11,-2.78,-0.88,1.11,,,,,,
815,25/3/2021,1.11,6.46,21.11,-5,0.42,3.89,,,,,,
816,26/3/2021,3.89,12.38,18.89,-1.11,1.71,6.11,,,,,,
817,27/3/2021,7.22,11.99,17.78,0,4.03,7.22,,,,,,
818,28/3/2021,3.89,12.84,22.22,1.11,3.32,7.22,,,,,,
819,29/3/2021,6.11,14.01,23.89,1.11,2.49,5,,,,,,
820,30/3/2021,7.22,14.36,21.11,0,2.4,5,,,,,,
821,31/3/2021,5,14.64,23.89,-1.11,1.77,3.89,,,,,,
822,1/4/2021,8.89,16.11,22.78,1.11,2.68,5,,,,,,
823,2/4/2021,11.11,13.66,17.78,6.11,9.73,12.22,,,,,,
824,3/4/2021,6.11,12.24,21.11,5,8.13,10,,,,,,
825,4/4/2021,2.78,12.34,21.11,-2.78,2.08,8.89,,,,,,
826,5/4/2021,5,13.68,22.22,-2.22,2.76,8.89,,,,,,
827,6/4/2021,3.89,14.31,23.89,-2.22,1.12,3.89,,,,,,
828,7/4/2021,5,12.36,20,-3.89,-0.66,6.11,,,,,,
829,8/4/2021,8.89,12.68,17.78,5,6.48,7.78,,,,,,
830,9/4/2021,7.78,10.39,13.89,6.11,7.01,7.78,,,,,,
831,10/4/2021,7.78,12.2,17.78,6.11,8.09,10,,,,,,
832,11/4/2021,8.89,12.33,17.22,5,9.15,12.22,,,,,,
833,12/4/2021,3.89,9.96,17.22,-3.89,0.23,3.89,,,,,,
834,13/4/2021,7.22,10.68,13.89,2.78,5.95,8.89,,,,,,
835,14/4/2021,10,14.32,20,7.78,9.03,11.11,,,,,,
836,15/4/2021,11.11,13.71,16.11,6.11,7.58,10,,,,,,
837,16/4/2021,8.89,12.47,17.22,-8.89,2.61,7.22,,,,,,
838,17/4/2021,2.22,9.33,17.22,-7.78,-2.81,1.11,,,,,,
839,18/4/2021,2.22,10.67,18.89,-2.78,-0.45,2.22,,,,,,
840,19/4/2021,6.11,13.16,22.22,1.11,3.58,7.78,,,,,,
841,20/4/2021,8.89,13.63,18.89,6.11,8.15,10,,,,,,
842,21/4/2021,7.22,13.08,18.89,5,7.14,8.89,,,,,,
843,22/4/2021,10,12.9,17.78,6.11,9.31,11.11,,,,,,
844,23/4/2021,8.89,13.52,17.78,7.22,8.13,11.11,,,,,,
845,24/4/2021,7.78,12.82,17.22,5,7.68,11.11,,,,,,
846,25/4/2021,10,11.29,12.78,-8.89,9.61,11.11,,,,,,
847,26/4/2021,10,13.66,20,7.78,10.27,12.22,,,,,,
848,27/4/2021,8.89,13.37,20,8.89,10.51,12.78,,,,,,
849,28/4/2021,8.89,13.47,20,6.11,10.2,12.78,,,,,,
850,29/4/2021,12.22,14.11,17.78,3.89,8.22,12.22,,,,,,
851,30/4/2021,6.11,11.71,17.22,1.11,4.56,7.78,,,,,,
852,1/5/2021,5,11.56,16.11,1.11,4.17,7.22,,,,,,
853,2/5/2021,7.78,12.56,17.78,2.78,4.56,6.11,,,,,,
854,3/5/2021,8.89,13.22,18.89,3.89,6.78,8.89,,,,,,
855,4/5/2021,6.11,14.39,22.78,3.89,6.61,8.89,,,,,,
856,5/5/2021,7.22,16.83,26.11,2.78,5.67,7.22,,,,,,
857,6/5/2021,8.89,18.44,27.22,1.11,6.72,10,,,,,,
858,7/5/2021,8.89,19.94,27.78,2.78,6.67,10,,,,,,
859,8/5/2021,10,20.17,28.89,2.22,6.89,11.11,,,,,,
860,9/5/2021,12.22,16.28,22.22,3.89,8.94,12.22,,,,,,
861,10/5/2021,6.11,12.5,17.78,0,5.11,8.89,,,,,,
862,11/5/2021,7.78,13.11,18.89,-1.11,1.5,5,,,,,,
863,12/5/2021,10,15.61,21.11,1.11,4.89,7.78,,,,,,
864,13/5/2021,7.78,15.78,21.11,2.78,5.5,10,,,,,,
865,14/5/2021,10,17.5,25,0,4.22,7.78,,,,,,
866,15/5/2021,11.11,19.83,27.78,3.89,8.61,11.11,,,,,,
867,16/5/2021,13.89,21.56,27.22,8.89,11.44,12.22,,,,,,
868,17/5/2021,12.22,20.11,27.22,-2.78,5.06,11.11,,,,,,
869,18/5/2021,10,20,28.89,3.89,6.39,10,,,,,,
870,19/5/2021,12.22,19.28,26.11,0,5.17,7.78,,,,,,
871,20/5/2021,10,19.89,28.89,0,5.61,8.89,,,,,,
872,21/5/2021,12.22,21.89,30,1.11,7.67,10,,,,,,
873,22/5/2021,16.11,19.17,23.89,-3.89,2,8.89,,,,,,
874,23/5/2021,11.11,14.5,18.89,0,5.5,10,,,,,,
875,24/5/2021,7.22,15.61,22.78,5,7,8.89,,,,,,
876,25/5/2021,10,18.94,27.22,3.89,6.44,10,,,,,,
877,26/5/2021,12.22,20.44,28.89,6.11,9.22,11.11,,,,,,
878,27/5/2021,12.78,21.17,27.78,7.78,9.5,11.11,,,,,,
879,28/5/2021,15,21.39,28.89,8.89,12,15,,,,,,
880,29/5/2021,12.78,22.61,31.11,7.78,10.83,12.78,,,,,,
881,30/5/2021,17.22,25.06,32.78,7.78,11.44,13.89,,,,,,
882,31/5/2021,17.22,24.11,32.22,8.89,11.72,17.22,,,,,,
883,1/6/2021,16.11,20.33,26.11,7.22,13.44,17.22,,,,,,
884,2/6/2021,12.22,19.89,27.78,6.11,10,12.22,,,,,,
885,3/6/2021,17.22,23.11,30,5,10.44,12.78,,,,,,
886,4/6/2021,16.11,23.06,28.89,-1.11,8.83,15,,,,,,
887,5/6/2021,16.11,18.89,22.78,10,12.83,15,,,,,,
888,6/6/2021,12.78,21.56,31.11,7.22,10.94,13.89,,,,,,
889,7/6/2021,15,24.78,32.78,3.89,8.39,11.11,,,,,,
890,8/6/2021,16.11,26.5,35,2.22,7.67,11.11,,,,,,
891,9/6/2021,15,26.67,35,-1.11,5.94,12.22,,,,,,
892,10/6/2021,18.89,27.39,35,2.22,8.17,13.89,,,,,,
893,11/6/2021,18.89,25.44,35,3.89,11.28,13.89,,,,,,
894,12/6/2021,15,24.06,32.22,8.89,11.61,13.89,,,,,,
895,13/6/2021,18.89,26,33.89,6.11,9.78,12.22,,,,,,
896,14/6/2021,18.89,26.78,33.89,7.78,10.28,12.78,,,,,,
897,15/6/2021,17.78,27.28,35,6.11,10.11,12.78,,,,,,
898,16/6/2021,17.78,25.89,32.22,10,12.33,17.78,,,,,,
899,17/6/2021,16.11,18.06,22.22,12.22,14.94,16.11,,,,,,
900,18/6/2021,15,20.22,27.78,8.89,13.33,16.11,,,,,,
901,19/6/2021,12.78,19.72,25,7.22,9.22,12.22,,,,,,
902,20/6/2021,15,18.5,21.11,7.78,11,12.78,,,,,,
903,21/6/2021,13.89,18.78,23.89,6.11,8.61,13.89,,,,,,
904,22/6/2021,13.89,18.44,22.78,7.22,9.11,11.11,,,,,,
905,23/6/2021,15,19.28,23.89,6.11,8.78,11.11,,,,,,
906,24/6/2021,12.78,21,28.89,6.11,7.56,10,,,,,,
907,25/6/2021,15,24.39,32.22,7.22,9.5,12.22,,,,,,
908,26/6/2021,17.22,26.33,35,7.22,9.83,12.78,,,,,,
909,27/6/2021,20,25.83,31.11,-2.22,4.72,7.78,,,,,,
910,28/6/2021,13.89,22.39,28.89,-2.22,4.11,7.22,,,,,,
911,29/6/2021,13.89,23.39,31.11,2.22,5.67,7.78,,,,,,
912,30/6/2021,16.11,25.67,33.89,0,6.67,12.78,,,,,,
913,1/7/2021,16.11,26.44,35,-1.11,4,12.78,,,,,,
914,2/7/2021,15,26.78,35,-1.11,2.94,5,,,,,,
915,3/7/2021,17.78,26.72,33.89,3.89,7.94,12.22,,,,,,
916,4/7/2021,21.11,27.39,32.78,2.78,8.89,12.78,,,,,,
917,5/7/2021,17.78,27.44,35,7.78,10.72,13.89,,,,,,
918,6/7/2021,20,22.06,27.78,7.22,11.67,16.11,,,,,,
919,7/7/2021,11.11,19.94,27.78,2.78,7.11,11.11,,,,,,
920,8/7/2021,15,22.39,30,3.89,6,7.78,,,,,,
921,9/7/2021,16.11,25.28,33.89,5,9.44,15,,,,,,
922,10/7/2021,17.78,28.67,37.78,7.22,9.83,13.89,,,,,,
923,11/7/2021,18.89,30.72,41.11,6.11,7.89,10,,,,,,
924,12/7/2021,21.11,25.78,32.78,0,5.39,11.11,,,,,,
925,13/7/2021,15,21.11,27.78,2.22,4.11,6.11,,,,,,
926,14/7/2021,13.89,22.11,28.89,2.22,5.17,7.22,,,,,,
927,15/7/2021,15,24.17,32.22,2.22,6.33,10,,,,,,
928,16/7/2021,17.22,27.39,36.11,5,8.06,12.22,,,,,,
929,17/7/2021,17.78,29.89,38.89,3.89,6.44,10,,,,,,
930,18/7/2021,20,30.06,37.22,-1.11,6.61,11.11,,,,,,
931,19/7/2021,18.89,28.39,37.78,-2.22,7.33,12.22,,,,,,
932,20/7/2021,18.89,29,37.22,3.89,6.44,11.11,,,,,,
933,21/7/2021,18.89,29.06,37.22,2.78,7.39,12.78,,,,,,
934,22/7/2021,20,30.11,37.78,3.89,7.11,10,,,,,,
935,23/7/2021,17.78,27.83,35,-1.11,4.11,7.22,,,,,,
936,24/7/2021,16.11,25.28,32.78,1.11,4.44,7.22,,,,,,
937,25/7/2021,15,24.44,32.78,2.22,4.78,10,,,,,,
938,26/7/2021,16.11,23.28,31.11,10,13.28,17.22,,,,,,
939,27/7/2021,17.78,26.94,33.89,7.78,11.89,15,,,,,,
940,28/7/2021,17.78,28.5,36.11,7.78,10.06,15,,,,,,
941,29/7/2021,21.11,29.44,37.22,7.78,12.78,17.22,,,,,,
942,30/7/2021,22.22,29.17,36.11,2.22,7.89,10,,,,,,
943,31/7/2021,17.78,23.06,27.78,5,9.83,13.89,,,,,,
944,1/8/2021,12.78,20.22,27.78,2.78,7.28,12.22,,,,,,
945,2/8/2021,12.78,23.17,31.11,2.22,6.28,12.22,,,,,,
946,3/8/2021,16.11,25.17,32.78,2.78,9.06,13.89,,,,,,
947,4/8/2021,22.78,27.72,32.22,3.89,8.67,12.78,,,,,,
948,5/8/2021,16.11,26.89,36.11,6.11,7.33,7.78,,,,,,
949,6/8/2021,17.22,27.22,35,-7.22,3.78,10,,,,,,
950,7/8/2021,20,25.44,30,2.78,5.33,7.78,,,,,,
951,8/8/2021,15,23.89,32.22,1.11,4,10,,,,,,
952,9/8/2021,20,27.39,35,2.22,12.56,17.78,,,,,,
953,10/8/2021,21.11,29.39,36.11,12.22,14.83,17.22,,,,,,
954,11/8/2021,22.22,31,40,10,12.67,15,,,,,,
955,12/8/2021,22.22,30.83,38.89,0,9.89,15,,,,,,
956,13/8/2021,20,32.06,42.78,2.78,7.11,8.89,,,,,,
957,14/8/2021,23.89,33.22,42.78,6.11,8.94,11.11,,,,,,
958,15/8/2021,21.11,31.94,42.22,-7.22,6.06,12.78,,,,,,
959,16/8/2021,17.78,28.61,37.78,-2.78,3.39,11.11,,,,,,
960,17/8/2021,17.22,25.44,33.89,2.22,5.44,8.89,,,,,,
961,18/8/2021,17.22,26.56,35,1.11,7.44,15,,,,,,
962,19/8/2021,18.89,27.22,35,2.78,8.33,15,,,,,,
963,20/8/2021,18.89,27.5,35,3.89,9.89,17.22,,,,,,
964,21/8/2021,17.22,26.94,36.11,-1.11,4.06,7.78,,,,,,
965,22/8/2021,16.11,27.67,37.22,0,5.44,12.22,,,,,,
966,23/8/2021,22.78,29.33,37.78,6.11,10.06,12.78,,,,,,
967,24/8/2021,18.89,26.39,33.89,10,12.17,15,,,,,,
968,25/8/2021,20,25.39,32.22,11.11,14.11,17.78,,,,,,
969,26/8/2021,18.89,25.83,32.78,11.11,12.94,15,,,,,,
970,27/8/2021,18.89,27.39,35,2.78,9.5,12.78,,,,,,
971,28/8/2021,17.22,26.61,33.89,3.89,7.11,11.11,,,,,,
972,29/8/2021,17.22,25.5,32.22,5,8.39,12.22,,,,,,
973,30/8/2021,20,26.11,31.11,6.11,10.72,12.22,,,,,,
974,31/8/2021,17.22,25.5,32.22,7.78,12.33,17.22,,,,,,
975,1/9/2021,16.11,20.28,26.11,15,16.39,18.89,,,,,,
976,2/9/2021,15,19.17,26.11,12.78,14.78,17.22,,,,,,
977,3/9/2021,15,22.17,28.89,10,13.83,16.11,,,,,,
978,4/9/2021,16.11,23.33,31.11,6.11,11.28,15,,,,,,
979,5/9/2021,17.22,24.44,32.78,7.22,12.22,17.22,,,,,,
980,6/9/2021,20,26.06,33.89,10,12.83,16.11,,,,,,
981,7/9/2021,18.89,26.56,33.89,7.78,11.39,13.89,,,,,,
982,8/9/2021,17.78,24.28,27.78,7.78,12.11,15,,,,,,
983,9/9/2021,18.89,23.06,27.78,10,12.5,15,,,,,,
984,10/9/2021,17.78,24.06,27.78,10,11.83,12.78,,,,,,
985,11/9/2021,15,22,27.78,7.78,10.11,12.22,,,,,,
986,12/9/2021,13.89,23.11,32.22,7.22,9.44,12.22,,,,,,
987,13/9/2021,17.78,21.5,27.78,8.89,11.72,16.11,,,,,,
988,14/9/2021,15,18.11,21.11,12.22,15.78,17.22,,,,,,
989,15/9/2021,15,19.44,25,12.22,14.5,16.11,,,,,,
990,16/9/2021,16.11,20,26.11,11.11,13.61,15,,,,,,
991,17/9/2021,13.89,21.11,27.78,11.11,12.83,15,,,,,,
992,18/9/2021,15,20.78,26.11,3.89,10.67,13.89,,,,,,
993,19/9/2021,10,18.33,26.11,2.78,5.44,10,,,,,,
994,20/9/2021,12.22,18.06,23.89,5,7.94,10,,,,,,
995,21/9/2021,11.11,16.67,22.78,2.78,5.06,7.22,,,,,,
996,22/9/2021,12.78,16.56,23.89,6.11,9.56,12.78,,,,,,
997,23/9/2021,13.89,19.22,26.11,12.22,12.94,16.11,,,,,,
998,24/9/2021,16.11,19.44,25,13.89,16.06,17.78,,,,,,
999,25/9/2021,16.11,18.89,22.22,10,13.61,17.22,,,,,,
1000,26/9/2021,12.22,18.5,23.89,10,11.78,13.89,,,,,,
1001,27/9/2021,11.11,18.5,27.22,8.89,10.94,12.78,,,,,,
1002,28/9/2021,12.22,18.83,26.11,5,9.89,12.22,,,,,,
1003,29/9/2021,11.11,18.22,25,6.11,8.67,11.11,,,,,,
1004,30/9/2021,12.78,18.56,25,7.78,10,12.78,,,,,,
1005,1/10/2021,12.22,17.78,25,7.22,9.56,12.78,,,,,,
1006,2/10/2021,10,18.39,26.11,3.89,8.61,11.11,,,,,,
1007,3/10/2021,12.22,16.78,20,2.78,11.28,15,,,,,,
1008,4/10/2021,7.22,13.22,20,1.11,4.78,7.22,,,,,,
1009,5/10/2021,7.78,15.56,23.89,6.11,9.28,12.22,,,,,,
1010,6/10/2021,11.11,17.56,23.89,7.78,10.44,12.22,,,,,,
1011,7/10/2021,7.22,16.44,27.22,-1.11,5.06,7.78,,,,,,
1012,8/10/2021,8.89,17.39,27.22,5,6.17,7.78,,,,,,
1013,9/10/2021,7.22,16.28,26.11,2.78,5.72,11.11,,,,,,
1014,10/10/2021,10,16.56,23.89,5,8.78,12.78,,,,,,
1015,11/10/2021,8.89,16.06,22.78,7.22,9.56,12.22,,,,,,
1016,12/10/2021,8.89,16.28,23.89,5,8.22,11.11,,,,,,
1017,13/10/2021,7.22,16.44,26.11,-3.89,0.44,5,,,,,,
1018,14/10/2021,6.11,14.44,23.89,1.11,4.39,10,,,,,,
1019,15/10/2021,7.78,15.83,25,5,7.17,10,,,,,,
1020,16/10/2021,7.78,14.22,21.11,3.89,6.67,10,,,,,,
1021,17/10/2021,12.78,17.33,22.78,8.89,11.89,12.78,,,,,,
1022,18/10/2021,10,16.89,23.89,8.89,11.11,12.78,,,,,,
1023,19/10/2021,12.22,17.67,25,10,11.56,12.78,,,,,,
1024,20/10/2021,10,17.5,25,8.89,10.78,12.78,,,,,,
1025,21/10/2021,11.11,17.11,22.22,6.11,8.94,12.22,,,,,,
1026,22/10/2021,12.22,15.44,20,2.22,4.61,7.78,,,,,,
1027,23/10/2021,5,12.11,20,2.22,3.11,3.89,,,,,,
1028,24/10/2021,2.78,11.39,21.11,0,1.83,2.78,,,,,,
1029,25/10/2021,2.78,11.5,21.11,1.11,2.33,3.89,,,,,,
1030,26/10/2021,6.11,13.11,21.11,2.22,4.11,6.11,,,,,,
1031,27/10/2021,5,12.33,21.11,2.22,4.44,8.89,,,,,,
1032,28/10/2021,6.11,12.72,21.11,2.22,4.11,7.22,,,,,,
1033,29/10/2021,12.22,13.72,16.11,5,8.56,12.78,,,,,,
1034,30/10/2021,13.89,16.39,18.89,12.78,14.22,16.11,,,,,,
1035,31/10/2021,13.89,16.94,21.11,12.78,15.72,17.22,,,,,,
1036,1/11/2021,12.78,15.33,17.78,3.89,9.28,16.11,,,,,,
1037,2/11/2021,5,10.94,13.89,2.78,5.89,8.89,,,,,,
1038,3/11/2021,7.22,10.17,12.78,1.11,3.28,10,,,,,,
1039,4/11/2021,2.22,7.17,12.22,0,2.22,5,,,,,,
1040,5/11/2021,5,8.33,12.22,0,1.06,2.78,,,,,,
1041,6/11/2021,1.11,7.39,15,-2.78,-0.78,1.11,,,,,,
1042,7/11/2021,0,6.89,15,-2.78,-0.94,2.78,,,,,,
1043,8/11/2021,1.11,9.72,18.89,-3.89,0.83,6.11,,,,,,
1044,9/11/2021,2.22,9.61,17.78,-5,-0.28,2.78,,,,,,
1045,10/11/2021,0,8,17.22,-2.22,0.5,2.78,,,,,,
1046,11/11/2021,1.11,7.17,17.22,-1.11,1.11,3.89,,,,,,
1047,12/11/2021,2.22,9.56,18.89,1.11,3.78,7.78,,,,,,
1048,13/11/2021,2.22,8.89,17.22,1.11,3.61,6.11,,,,,,
1049,14/11/2021,1.11,9.11,17.78,0,3.22,6.11,,,,,,
1050,15/11/2021,7.78,11.11,15,2.22,3,3.89,,,,,,
1051,16/11/2021,0,6.67,13.89,-1.11,1.61,3.89,,,,,,
1052,17/11/2021,2.22,8.78,15,0,1.89,2.78,,,,,,
1053,18/11/2021,2.22,7.28,15,-1.11,1.44,5,,,,,,
1054,19/11/2021,5,9.83,16.11,2.78,4.56,6.11,,,,,,
1055,20/11/2021,7.22,10.06,12.78,3.89,6.44,7.78,,,,,,
1056,21/11/2021,7.22,10.56,15,7.22,7.72,8.89,,,,,,
1057,22/11/2021,5,7.39,8.89,3.89,6.67,7.78,,,,,,
1058,23/11/2021,2.78,5.06,6.11,1.11,2.83,5,,,,,,
1059,24/11/2021,1.11,4.33,7.78,1.11,2.28,2.78,,,,,,
1060,25/11/2021,1.11,5.17,11.11,0,1.5,2.78,,,,,,
1061,26/11/2021,1.11,5.39,11.11,-1.11,0.28,1.11,,,,,,
1062,27/11/2021,2.22,5.22,8.89,-5,-0.78,3.89,,,,,,
1063,28/11/2021,-2.78,4.39,10,-3.89,-2.67,1.11,,,,,,
1064,29/11/2021,7.22,10.61,15,2.22,3.22,3.89,,,,,,
1065,30/11/2021,0,5.78,12.78,-1.11,1.72,3.89,,,,,,
1066,1/12/2021,-2.22,3.61,10,-2.22,1.67,6.11,,,,,,
1067,2/12/2021,2.22,5.67,10,-2.78,0.22,3.89,,,,,,
1068,3/12/2021,-1.11,5.22,12.78,-3.89,-0.72,2.78,,,,,,
1069,4/12/2021,-2.22,4.89,13.89,-2.78,2,7.22,,,,,,
1070,5/12/2021,6.11,9.39,12.22,-1.11,0.94,5,,,,,,
1071,6/12/2021,2.22,8.56,15,0,2.39,6.11,,,,,,
1072,7/12/2021,1.11,6.61,12.22,1.11,5.28,8.89,,,,,,
1073,8/12/2021,5,8.11,11.11,-2.22,1.94,10,,,,,,
1074,9/12/2021,6.11,9.5,12.78,-1.11,2.72,6.11,,,,,,
1075,10/12/2021,7.78,12.5,17.22,2.22,5,7.22,,,,,,
1076,11/12/2021,5,10.78,17.78,1.11,4.11,7.22,,,,,,
1077,12/12/2021,2.22,7.11,15,1.11,4.72,7.22,,,,,,
1078,13/12/2021,-1.11,5.33,15,-1.11,2.72,7.22,,,,,,
1079,14/12/2021,-1.11,6.33,17.22,-1.11,2.11,7.22,,,,,,
1080,15/12/2021,-2.22,6.06,17.22,-2.78,-0.44,3.89,,,,,,
1081,16/12/2021,-2.22,4.44,12.78,-3.89,-0.5,2.78,,,,,,
1082,17/12/2021,-2.78,3.61,12.78,-3.89,-1.11,2.22,,,,,,
1083,18/12/2021,-2.22,4.5,11.11,-3.89,0.11,3.89,,,,,,
1084,19/12/2021,3.89,7.94,12.22,2.22,3.94,6.11,,,,,,
1085,20/12/2021,0,4.33,10,-1.11,2.78,7.22,,,,,,
1086,21/12/2021,5,8,12.22,5,6.44,7.78,,,,,,
1087,22/12/2021,5,9.33,13.89,5,7.22,10,,,,,,
1088,23/12/2021,2.78,8.11,12.22,2.78,6.94,10,,,,,,
1089,24/12/2021,10,10.78,12.22,8.89,10.22,11.11,,,,,,
1090,25/12/2021,7.78,9.22,11.11,7.22,8.56,11.11,,,,,,
1091,26/12/2021,7.78,9.67,11.11,7.78,9.06,11.11,,,,,,
1092,27/12/2021,11.11,13.06,16.11,7.22,9.89,12.22,,,,,,
1093,28/12/2021,8.89,11.78,16.11,7.22,8.28,8.89,,,,,,
1094,29/12/2021,5,8.89,13.89,5,6.94,7.78,,,,,,
1095,30/12/2021,1.11,7.06,17.22,1.11,5.06,10,,,,,,
1096,31/12/2021,1.11,7.17,17.78,0,4.33,8.89,,,,,,
